qid,category,subtask,split,rank,flash_subset
53b5b115-0c63-446e-b671-b6017f518cef,ProtocolQA,protocolqa-v1-public,pilot,0,False
3c62b0cb-f6cf-480a-8a37-d54c90d5c287,ProtocolQA,protocolqa-v1-public,pilot,1,False
5e17c256-a2c1-48b8-8a30-bda9dba998bc,ProtocolQA,protocolqa-v1-public,main,2,True
a516333c-21b1-47cf-851f-4c1f34f83aaf,ProtocolQA,protocolqa-v1-public,main,3,True
553e7a6c-8b20-42cb-a174-39da05d9458a,ProtocolQA,protocolqa-v1-public,main,4,True
11d7d19c-cb15-4ced-968f-8a270ce38477,ProtocolQA,protocolqa-v1-public,main,5,True
073e1ca9-1ba8-4380-82bb-05e2203f5496,ProtocolQA,protocolqa-v1-public,main,6,True
11d73398-7b2b-4720-bf75-9f63af095c80,ProtocolQA,protocolqa-v1-public,main,7,True
79240360-9a1e-4999-88c0-e60cc6176075,ProtocolQA,protocolqa-v1-public,main,8,True
a55b740f-8ead-4d88-ab62-b4408ebc489a,ProtocolQA,protocolqa-v1-public,main,9,True
810de65a-5568-41e5-b98c-9a2b03da0e56,ProtocolQA,protocolqa-v1-public,main,10,True
ec8dfbd9-fbee-4ea8-aa0c-d14112eb36d5,ProtocolQA,protocolqa-v1-public,main,11,True
16fc3385-4cbd-455b-ba84-1648ee011204,ProtocolQA,protocolqa-v1-public,main,12,True
44b66cdb-bfc4-44db-a5c2-94d32d878123,ProtocolQA,protocolqa-v1-public,main,13,True
382c0dd9-716f-485b-89e5-3a4084f1bd98,ProtocolQA,protocolqa-v1-public,main,14,True
96f5969a-931e-4b6c-9d4c-ec01db548500,ProtocolQA,protocolqa-v1-public,main,15,True
8920c7b7-710f-44f0-8cd1-d360bba41db4,ProtocolQA,protocolqa-v1-public,main,16,True
0d18e3c2-1d07-4cd1-9be4-ff6429340885,ProtocolQA,protocolqa-v1-public,main,17,False
e8afd1c6-2dea-43fd-9168-fd4ef1d18fbf,ProtocolQA,protocolqa-v1-public,main,18,False
6d2e1370-8c82-4142-9bcc-6675e730aa46,ProtocolQA,protocolqa-v1-public,main,19,False
36cae278-14d8-4402-b0cd-a1883e9c7828,ProtocolQA,protocolqa-v1-public,main,20,False
d9c7b154-997d-4a9c-bfe2-24aadacbc67e,ProtocolQA,protocolqa-v1-public,main,21,False
dd06a1ee-2492-4878-884a-e73282cd755f,ProtocolQA,protocolqa-v1-public,main,22,False
6928664e-070a-45a8-9a14-074dac6941e7,ProtocolQA,protocolqa-v1-public,main,23,False
ec3559bd-abdc-49d5-8205-7327449c6013,ProtocolQA,protocolqa-v1-public,main,24,False
6824f8de-a5f2-41d7-b6b1-61b14d56d8f0,ProtocolQA,protocolqa-v1-public,main,25,False
efbaa096-4b77-4de2-87ad-d308ff63ede1,ProtocolQA,protocolqa-v1-public,main,26,False
819abfdb-fcf6-4678-847f-bd1c6f2699e1,ProtocolQA,protocolqa-v1-public,main,27,False
a6231697-bb0c-41bc-b3bf-c7e237d7d423,ProtocolQA,protocolqa-v1-public,main,28,False
eebdad6c-9209-40bd-88a2-23ceb6e9db66,ProtocolQA,protocolqa-v1-public,main,29,False
aed5fff6-10fa-4e2d-b444-edcaec74a644,ProtocolQA,protocolqa-v1-public,main,30,False
87c6a82d-6c84-4bb7-a7bc-ee56949f5853,ProtocolQA,protocolqa-v1-public,main,31,False
82e210e8-ac32-41fa-a9fa-0bc563903a86,ProtocolQA,protocolqa-v1-public,reserve,32,False
bee8b322-2843-4be7-9adc-9e9dbf4c47a4,ProtocolQA,protocolqa-v1-public,reserve,33,False
67a36ceb-b76a-47a2-bc41-a85a7b45bf9e,ProtocolQA,protocolqa-v1-public,reserve,34,False
8014d58c-9bed-46d6-8550-6da17740bb66,ProtocolQA,protocolqa-v1-public,reserve,35,False
00d0b4ad-d248-4e5b-a254-ecb8ec952b0c,ProtocolQA,protocolqa-v1-public,reserve,36,False
466e16dc-c217-4705-86d0-b18e4cb66f2a,ProtocolQA,protocolqa-v1-public,reserve,37,False
0fd4d23c-a7e8-44b7-96ff-bafbf8fbecde,ProtocolQA,protocolqa-v1-public,reserve,38,False
2fd6e57a-3da6-4952-8d36-da12414b4882,ProtocolQA,protocolqa-v1-public,reserve,39,False
250c9945-376f-4745-b481-c09aa358f5e5,ProtocolQA,protocolqa-v1-public,reserve,40,False
79a335fd-578f-4c3c-a8e7-5b6c07458b18,ProtocolQA,protocolqa-v1-public,reserve,41,False
74ff0dcc-2f9c-4243-866c-7a2375e6f0a2,ProtocolQA,protocolqa-v1-public,reserve,42,False
3fce3c93-46a9-4215-ad2e-93417e8a03b9,ProtocolQA,protocolqa-v1-public,reserve,43,False
087157ee-e683-4a01-a4a1-9be49bf421ea,ProtocolQA,protocolqa-v1-public,reserve,44,False
6de81829-08c5-4466-acb3-36b72451f1ee,ProtocolQA,protocolqa-v1-public,reserve,45,False
7ad6f06c-1e25-452e-a5d1-58258ff2ed18,ProtocolQA,protocolqa-v1-public,reserve,46,False
0ccec700-53b1-4b2c-86de-d5930f63baef,ProtocolQA,protocolqa-v1-public,reserve,47,False
d43744b1-c8f7-4421-a3e9-b95c5a639e8e,ProtocolQA,protocolqa-v1-public,reserve,48,False
a9c6aaa4-ce50-4225-9073-b88a7e671bfd,ProtocolQA,protocolqa-v1-public,reserve,49,False
74bb5141-e2ec-440f-a1d5-ff5a6478ae78,ProtocolQA,protocolqa-v1-public,reserve,50,False
81eb406f-6bf5-419c-a90e-53581a5d7cf2,ProtocolQA,protocolqa-v1-public,reserve,51,False
f042d525-ec83-4e69-8246-c4cd5a7bbfcc,ProtocolQA,protocolqa-v1-public,reserve,52,False
cc814af4-6021-4031-867a-2d695aa8911f,ProtocolQA,protocolqa-v1-public,reserve,53,False
53524e6c-72b6-420d-b9fb-5302ef310786,ProtocolQA,protocolqa-v1-public,reserve,54,False
6bc0df89-5aae-47b4-9d2e-2ebc5fa08e96,ProtocolQA,protocolqa-v1-public,reserve,55,False
4fb3c795-2181-4f3b-a231-c84d1ec7ebf2,ProtocolQA,protocolqa-v1-public,reserve,56,False
a548710c-944e-4a46-882c-fbd3a6391120,ProtocolQA,protocolqa-v1-public,reserve,57,False
827274af-579b-4032-8c69-4b600031fc64,ProtocolQA,protocolqa-v1-public,reserve,58,False
d7c7547e-2a8b-4da5-8c79-9bc24f8ca018,ProtocolQA,protocolqa-v1-public,reserve,59,False
d5764058-86d0-4f2e-a076-02e14a18d663,ProtocolQA,protocolqa-v1-public,reserve,60,False
bb98fa12-c13b-4058-876b-7eee6f85d4d0,ProtocolQA,protocolqa-v1-public,reserve,61,False
17eae5ea-5267-45d5-ae3a-a631b8328d38,ProtocolQA,protocolqa-v1-public,reserve,62,False
0ab2f959-298f-4ac3-81a2-d36d36263d92,ProtocolQA,protocolqa-v1-public,reserve,63,False
49ebd409-1535-414f-8baa-496a894489a5,SeqQA,RE-seq-numfrags-v1-public,pilot,0,False
7158dd79-9c9f-46de-bce6-6f389ddb58db,SeqQA,PCR-gene-enzprimers-v1-public,pilot,1,False
bb821ccb-1108-4d3f-92d0-b55be82453f2,SeqQA,PCR-seq-primers-v1-public,main,2,True
ba5bbd66-9d54-4930-b3df-79d7ca6ecd8b,SeqQA,ORF-transeff-v1-public,main,3,True
739e8fd0-31f3-4487-80ca-1bf834a10790,SeqQA,ORF-seq-AAid-v1-public,main,4,True
34701a08-857d-435f-ae2a-d9357eddbbff,SeqQA,PCR-seq-primers-v1-public,main,5,True
12ba9e63-7fad-4160-b46f-7031473b4ecd,SeqQA,PCR-seq-enzprimers-v1-public,main,6,True
1e4ef437-b22f-4988-90fd-8ed2ea313193,SeqQA,ORF-seq-AAid-v1-public,main,7,True
08da8da0-67dc-4b56-a4ca-81be45436d31,SeqQA,PCR-gene-gibshindprimers-v1-public,main,8,True
0eafde3b-6246-4ff7-9954-2a55c593a086,SeqQA,PCR-gene-gibssmaprimers-v1-public,main,9,True
b9c4cc93-5bb7-423b-b55c-9c2a641551ab,SeqQA,ORF-seq-AAid-v1-public,main,10,True
6c5c6e5e-f0e3-4ce6-8b60-cb544657da7f,SeqQA,PCR-geneprimers-enz-v1-public,main,11,True
167adbd9-4001-4253-91ea-f7d1c7745776,SeqQA,PCR-seq-primers-v1-public,main,12,True
491eccc9-c3b5-4bf8-b1f6-9d31a6a4ff80,SeqQA,PCR-gene-gibshindprimers-v1-public,main,13,True
8b8328a1-43fc-437a-bbeb-0403c1bb53e0,SeqQA,Prop-seq-gcpercent-v1-public,main,14,True
5b3bccd1-8dc1-4e4f-bc6b-a2ee76e51f84,SeqQA,PCR-gene-enzprimers-v1-public,main,15,True
6ac55e8a-2b6b-4d38-9c46-25efac87ce6f,SeqQA,PCR-len-primers-v1-public,main,16,True
dced9809-02c9-49cb-a930-7e4b57874eae,SeqQA,Prop-seq-gcpercent-v1-public,main,17,False
cbc6d33d-4d0f-43c1-a317-f78ab51e2d61,SeqQA,RE-seq-numfrags-v1-public,main,18,False
ded3f6ac-c54c-4626-86b4-cc607a44334f,SeqQA,PCR-geneprimers-enz-v1-public,main,19,False
e3befd74-bbcb-4d2f-b712-164e98fa91ac,SeqQA,PCR-gene-gibssmaprimers-v1-public,main,20,False
565eab07-dd2c-4c3d-aa1a-75e430d6d914,SeqQA,PCR-seq-enzprimers-v1-public,main,21,False
d3bc5b06-22d8-43ed-8912-670442ef19c2,SeqQA,RE-seq-lenfrags-v1-public,main,22,False
1f0c70cc-2c0a-4419-a541-8346fe1daa41,SeqQA,PCR-seq-primers-v1-public,main,23,False
7079a355-e62f-4f93-9ae9-fc2b21262008,SeqQA,PCR-geneprimers-enz-v1-public,main,24,False
c291421f-9fdb-49e2-b957-cb1ca88436a3,SeqQA,ORF-seq-AAid-v1-public,main,25,False
bc305daa-3d35-4fb8-a901-94ec394be314,SeqQA,ORF-seq-numlen-v1-public,main,26,False
3f9f15f0-a36b-4bf2-bf07-7c0b8b83c287,SeqQA,RE-seq-numfrags-v1-public,main,27,False
24cb1155-9108-4699-9831-f57d6398658c,SeqQA,RE-seq-numfrags-v1-public,main,28,False
f58ffa68-94d9-4fb8-8e53-37b7f2a6aa31,SeqQA,PCR-seq-enzprimers-v1-public,main,29,False
de8b2e6d-b876-4a6e-a8e5-652e2af32be9,SeqQA,ORF-transeff-v1-public,main,30,False
0f836636-7155-4d24-9076-896b5ebfe52f,SeqQA,ORF-seq-AAid-v1-public,main,31,False
2da2160a-dd1e-431c-a098-65404df1deda,SeqQA,ORF-seq-AAseq-v1-public,reserve,32,False
6c3a98f1-8ed9-4a70-8634-30da696bf048,SeqQA,RE-seq-numfrags-v1-public,reserve,33,False
89b0f767-6e2f-43fe-bc71-216f89bb01cf,SeqQA,RE-seq-lenfrags-v1-public,reserve,34,False
8232d083-7212-4eba-b94f-b466b761280a,SeqQA,RE-seq-numfrags-v1-public,reserve,35,False
f072550d-5dc6-4cdc-bad5-49a07850916b,SeqQA,PCR-seq-enzprimers-v1-public,reserve,36,False
8b9d4400-4def-4149-a49d-1ac26fa79f30,SeqQA,PCR-geneprimers-enz-v1-public,reserve,37,False
df1c7e1d-67a5-4644-a034-968bdb1e376a,SeqQA,ORF-transeff-v1-public,reserve,38,False
76f7011c-13a9-45df-b22f-d4942ea08237,SeqQA,PCR-primers-len-v1-public,reserve,39,False
fb79d8e4-79ac-4694-9ddc-9773de0dd061,SeqQA,Prop-seq-gcpercent-v1-public,reserve,40,False
10f0b57f-baa6-4d30-b0bc-c29362a27c82,SeqQA,ORF-seq-numlen-v1-public,reserve,41,False
a5fb0fba-f514-414c-8fa8-bb298959ca50,SeqQA,PCR-seq-primers-v1-public,reserve,42,False
6e4703be-f1d2-4e3d-ab72-0e188e66e8d8,SeqQA,PCR-seq-primers-v1-public,reserve,43,False
21f93590-6886-4357-9f95-a06a8aec0ee7,SeqQA,PCR-gene-enzprimers-v1-public,reserve,44,False
0fa51b74-8bd4-4645-a0e0-b4dc217314c3,SeqQA,RE-seq-lenfrags-v1-public,reserve,45,False
0576d42c-8bfa-4851-a88a-b2bb295d3e59,SeqQA,ORF-seq-AAseq-v1-public,reserve,46,False
3d17eb28-2656-4e90-a8bb-8730ab3615c8,SeqQA,PCR-gene-gibssmaprimers-v1-public,reserve,47,False
e57cc718-3cee-4c6e-8ce9-afb5a672860e,SeqQA,ORF-seq-AAseq-v1-public,reserve,48,False
9e2c4de8-8179-4c5d-97d4-b75b6aad5692,SeqQA,PCR-gene-gibssmaprimers-v1-public,reserve,49,False
698a5907-8068-4324-9200-a325d11951be,SeqQA,RE-seq-numfrags-v1-public,reserve,50,False
f71cbbab-f086-4c9b-996d-353a9e894ea4,SeqQA,PCR-len-primers-v1-public,reserve,51,False
8eb901d5-cfd7-4299-9bae-3fda054199e7,SeqQA,ORF-seq-numlen-v1-public,reserve,52,False
6ff2a4aa-ffe4-4e90-9521-3173ce25b963,SeqQA,ORF-seq-AAseq-v1-public,reserve,53,False
80df7004-afc7-429c-bdc3-2f56bd69fd90,SeqQA,PCR-seq-primers-v1-public,reserve,54,False
aa5ad86f-6a99-47c3-b781-f4bbbd70c333,SeqQA,ORF-seq-AAseq-v1-public,reserve,55,False
a10d4442-9eb0-4c07-8075-691a30507906,SeqQA,PCR-len-primers-v1-public,reserve,56,False
176ce2a0-4b7a-4cf2-96c5-221dcd5de10f,SeqQA,RE-seq-numfrags-v1-public,reserve,57,False
ce30fcbe-5695-4a5e-a1b8-f51ee5bb5349,SeqQA,PCR-seq-enzprimers-v1-public,reserve,58,False
ae5e3404-d9b1-4e16-b04d-70f641787030,SeqQA,PCR-geneprimers-enz-v1-public,reserve,59,False
813202a6-216d-41a9-99f8-c12e94cc6e06,SeqQA,PCR-primers-len-v1-public,reserve,60,False
b0469075-4c9b-4bac-aa17-117d6ec62e03,SeqQA,PCR-seq-enzprimers-v1-public,reserve,61,False
07c41690-42aa-4392-9483-7ac7e58475a4,SeqQA,PCR-seq-enzprimers-v1-public,reserve,62,False
64c7ef98-7c77-45c3-b515-0f7d6a8b51e5,SeqQA,PCR-geneprimers-enz-v1-public,reserve,63,False
46fbcba4-29d3-4ce9-a445-e0a54afa59d5,SeqQA,PCR-geneprimers-enz-v1-public,reserve,64,False
47300228-f269-4ba5-aa82-392c59a584cc,SeqQA,Prop-seq-gcpercent-v1-public,reserve,65,False
1421394f-98d4-4153-99c3-e11e668de733,SeqQA,PCR-gene-enzprimers-v1-public,reserve,66,False
21d166fc-6039-42c5-8c51-861608ba0ff0,SeqQA,PCR-len-primers-v1-public,reserve,67,False
3651ff8f-e133-4c45-b8ed-8eda84311be5,SeqQA,PCR-seq-primers-v1-public,reserve,68,False
1355683c-b52b-49dd-845a-7d282c211010,SeqQA,ORF-seq-numlen-v1-public,reserve,69,False
ee7ebe92-a14f-495a-a80c-d22401b32dff,SeqQA,PCR-len-primers-v1-public,reserve,70,False
97e6e1a0-f207-46d0-9201-f0081f40e19a,SeqQA,Prop-seq-gcpercent-v1-public,reserve,71,False
f4d8de2c-3315-4d46-9113-34d38c7b3cb2,SeqQA,RE-seq-numfrags-v1-public,reserve,72,False
1381f736-bfd6-49bf-b5ce-00882dabc573,SeqQA,Prop-seq-gcpercent-v1-public,reserve,73,False
5b6f38a4-60ef-4c1b-9de6-3492786a823f,SeqQA,PCR-primers-len-v1-public,reserve,74,False
d70a1a6d-fa51-434d-a25f-f495c15757c8,SeqQA,PCR-primers-len-v1-public,reserve,75,False
a2158f39-ac1c-434e-9924-fe191729fafe,SeqQA,ORF-seq-AAid-v1-public,reserve,76,False
88ec8b3d-1f94-4338-b381-ce68db14485e,SeqQA,Prop-seq-gcpercent-v1-public,reserve,77,False
7bfb67ab-8f3f-4407-900e-ff33ddf61505,SeqQA,PCR-primers-len-v1-public,reserve,78,False
89bdba7e-9366-44b3-97fe-5df51ebebb10,SeqQA,PCR-len-primers-v1-public,reserve,79,False
a1758c94-728d-4d22-9526-c5291177c54c,SeqQA,ORF-seq-AAseq-v1-public,reserve,80,False
aaf7009c-d14f-45fd-84c6-ab6b447e7dd1,SeqQA,PCR-len-primers-v1-public,reserve,81,False
9ac19de6-af67-48b2-a583-75bfd25d5c7c,SeqQA,PCR-geneprimers-enz-v1-public,reserve,82,False
e9b165f3-5e7c-4cfb-9743-d0ee54faae01,SeqQA,PCR-len-primers-v1-public,reserve,83,False
84b9894f-d663-4379-9cfa-33ce0549533b,SeqQA,Prop-seq-gcpercent-v1-public,reserve,84,False
7fc9188d-3ea3-4167-afa4-fcd47e94b6e3,SeqQA,ORF-transeff-v1-public,reserve,85,False
688d31f5-51f3-43cb-bfff-ddbab2c36cf6,SeqQA,PCR-gene-enzprimers-v1-public,reserve,86,False
021ba895-4926-438f-8d18-d093cb4963b1,SeqQA,ORF-seq-AAid-v1-public,reserve,87,False
04dfb117-9893-44d3-a1c6-707b6d4da8f0,SeqQA,PCR-seq-primers-v1-public,reserve,88,False
3187aaef-09b5-4d4e-ae48-fe0f61ea015f,SeqQA,PCR-gene-gibshindprimers-v1-public,reserve,89,False
6a987955-cbb4-459e-9718-d8f31f1e74b6,SeqQA,ORF-seq-numlen-v1-public,reserve,90,False
e20876e2-6ba3-4ebf-91e4-44796284bca2,SeqQA,PCR-primers-len-v1-public,reserve,91,False
22f46969-69df-4af4-acbc-1276f43a9ea6,SeqQA,RE-seq-lenfrags-v1-public,reserve,92,False
d9604865-e0c8-4846-b462-a82726ffb320,SeqQA,PCR-gene-gibssmaprimers-v1-public,reserve,93,False
811b4ea4-b4bc-42e9-8f9b-8bca2aa415df,SeqQA,PCR-gene-enzprimers-v1-public,reserve,94,False
26e0a268-3a51-41d9-8c16-b0e7275757ae,SeqQA,PCR-primers-len-v1-public,reserve,95,False
a5430e40-81cb-45eb-b97c-f7f4047d439e,SeqQA,ORF-seq-AAid-v1-public,reserve,96,False
f783aaa7-f77b-427c-a4c6-a579bab56031,SeqQA,PCR-gene-gibssmaprimers-v1-public,reserve,97,False
e4b4e887-3bb5-417c-9de4-5c7b6746d749,SeqQA,ORF-seq-AAseq-v1-public,reserve,98,False
7f79f478-1f7f-4354-8544-f7edc7017b50,SeqQA,RE-seq-numfrags-v1-public,reserve,99,False
8a96e3a1-7ea2-46ff-8d16-07c905606255,SeqQA,PCR-gene-enzprimers-v1-public,reserve,100,False
99d4b433-d90f-407b-bbbd-80f303ad48f4,SeqQA,RE-seq-lenfrags-v1-public,reserve,101,False
7b4dca75-0a65-45a1-98e9-d3ff087f3b37,SeqQA,ORF-seq-numlen-v1-public,reserve,102,False
7df5359a-aae8-4653-a75a-23a3bfb89bd6,SeqQA,PCR-geneprimers-enz-v1-public,reserve,103,False
97a215ce-a505-4d2e-9fe1-1c8a3f3ed559,SeqQA,RE-seq-lenfrags-v1-public,reserve,104,False
fc68c355-18ac-4c40-84c9-72044808e7e4,SeqQA,PCR-primers-len-v1-public,reserve,105,False
babcff66-7af2-4fce-86b0-d66df3dd218e,SeqQA,PCR-seq-enzprimers-v1-public,reserve,106,False
18cb7836-5712-40a2-806d-ca6f63f1ccc0,SeqQA,ORF-transeff-v1-public,reserve,107,False
ac99cf91-ca2f-4224-ba25-2ef2c61b4ae7,SeqQA,PCR-gene-enzprimers-v1-public,reserve,108,False
1220aef3-1b78-417f-8010-886d36ad4613,SeqQA,PCR-geneprimers-enz-v1-public,reserve,109,False
14b76f4a-46fd-4de1-ba59-c373dd8c92c8,SeqQA,PCR-gene-gibssmaprimers-v1-public,reserve,110,False
405c69f8-c000-4a2e-94c0-db45a319e3b9,SeqQA,PCR-gene-gibssmaprimers-v1-public,reserve,111,False
3476c39e-481d-4ff5-a659-f80a59abfc63,SeqQA,PCR-primers-len-v1-public,reserve,112,False
18d20d53-b90a-4dfb-be27-d52e540aa614,SeqQA,PCR-primers-len-v1-public,reserve,113,False
518c2bc7-a181-4bb1-81bd-d3d0daf1e622,SeqQA,ORF-seq-AAseq-v1-public,reserve,114,False
5e0c7fde-411c-4d2d-be4f-2df35a1b3c92,SeqQA,ORF-seq-numlen-v1-public,reserve,115,False
97798396-c2e5-424e-be64-efb3da213712,SeqQA,ORF-seq-AAid-v1-public,reserve,116,False
de98a3c3-68b4-4b62-b841-6361de7dc6c8,SeqQA,Prop-seq-gcpercent-v1-public,reserve,117,False
817eb626-01f9-4c7f-b2f5-4026f706c627,SeqQA,ORF-seq-numlen-v1-public,reserve,118,False
194d5909-d970-443c-8ed0-6218d3f29ba6,SeqQA,Prop-seq-gcpercent-v1-public,reserve,119,False
06e021d9-c0f7-4399-8d21-1d94753735ac,SeqQA,PCR-primers-len-v1-public,reserve,120,False
f8520630-198f-443c-b878-d4d9cada1632,SeqQA,PCR-seq-enzprimers-v1-public,reserve,121,False
147173a3-aa23-4551-b703-b7372fa62173,SeqQA,ORF-transeff-v1-public,reserve,122,False
803b6a96-b533-4738-b384-8bc87ad9447d,SeqQA,RE-seq-lenfrags-v1-public,reserve,123,False
a1234fec-cdf5-4444-9648-9a1e730545dc,SeqQA,RE-seq-numfrags-v1-public,reserve,124,False
935e4dad-a4d3-4532-8ba8-19b56afe1b9c,SeqQA,Prop-seq-gcpercent-v1-public,reserve,125,False
4d743f49-7f94-400b-a15d-6854928c5ed9,SeqQA,RE-seq-numfrags-v1-public,reserve,126,False
3233dbe7-30f4-49bc-b29f-4e4668527e84,SeqQA,RE-seq-numfrags-v1-public,reserve,127,False
c3edb683-f6f7-49cd-a609-ef3094cff041,SeqQA,PCR-primers-len-v1-public,reserve,128,False
fd7f9842-6be4-4d59-8b44-142612c94db3,SeqQA,PCR-gene-gibshindprimers-v1-public,reserve,129,False
d064dc3f-cf71-4dfb-8886-2e9286d77252,SeqQA,RE-seq-numfrags-v1-public,reserve,130,False
4fb5b3af-405b-4560-9862-d1c4f36ac669,SeqQA,PCR-gene-gibshindprimers-v1-public,reserve,131,False
a6e8da3e-0867-4ea9-843c-692a99f67db0,SeqQA,RE-seq-numfrags-v1-public,reserve,132,False
c6f2e8e6-3697-4819-b8b3-2ede48a6f981,SeqQA,ORF-transeff-v1-public,reserve,133,False
6cf42513-f78d-4ba9-97d6-920e0a848a9d,SeqQA,ORF-seq-AAid-v1-public,reserve,134,False
9b6eedbe-0385-4ce3-b851-a2a17200882b,SeqQA,RE-seq-numfrags-v1-public,reserve,135,False
1f57ad4b-3497-4749-99dc-3d79423ce4c2,SeqQA,PCR-gene-gibshindprimers-v1-public,reserve,136,False
d3568ca3-1417-484d-8e48-0c3c3dcadf10,SeqQA,ORF-seq-AAid-v1-public,reserve,137,False
1a6dae66-f796-4f1c-abff-711c169e75b1,SeqQA,PCR-seq-enzprimers-v1-public,reserve,138,False
59a723b1-bb65-4165-a2b2-f64dc3fdf32a,SeqQA,PCR-seq-enzprimers-v1-public,reserve,139,False
430aaad9-aa36-4199-8726-ce4936314146,SeqQA,PCR-seq-primers-v1-public,reserve,140,False
8317cf34-f693-484d-9ef9-01bad7dd0a7b,SeqQA,Prop-seq-gcpercent-v1-public,reserve,141,False
d56970cd-0385-421a-8582-67f944acd22d,SeqQA,ORF-seq-numlen-v1-public,reserve,142,False
72412a17-3644-4a45-bcb6-c696c1d42afb,SeqQA,PCR-gene-gibssmaprimers-v1-public,reserve,143,False
51613312-e6de-4e56-9d16-ea25f6e2d813,SeqQA,ORF-seq-AAseq-v1-public,reserve,144,False
d10d3eef-8aec-450a-a765-36bf165a11d3,SeqQA,RE-seq-numfrags-v1-public,reserve,145,False
bc4ecc21-18e0-4b29-b541-3616c8da167c,SeqQA,PCR-seq-enzprimers-v1-public,reserve,146,False
883b02c0-ff1d-42d7-bc4a-ae37fe80ed05,SeqQA,Prop-seq-gcpercent-v1-public,reserve,147,False
b57e8844-16ec-4c5f-9874-d63975d9890c,SeqQA,ORF-transeff-v1-public,reserve,148,False
e5be1567-cd23-454b-b596-38120c62e9ed,SeqQA,ORF-transeff-v1-public,reserve,149,False
8e287dbf-0d1a-4d3c-b0b7-77cb68839100,SeqQA,PCR-geneprimers-enz-v1-public,reserve,150,False
3e4ec4c8-a954-4f50-9454-0fd3863841fa,SeqQA,PCR-gene-enzprimers-v1-public,reserve,151,False
8552f649-9115-417e-b9c1-0d03782fb830,SeqQA,PCR-primers-len-v1-public,reserve,152,False
39ff06b6-9786-4b69-b11e-f436fcb7c923,SeqQA,ORF-seq-AAseq-v1-public,reserve,153,False
dccd50d8-6fb8-490f-b2d7-20c5bf19afba,SeqQA,PCR-seq-primers-v1-public,reserve,154,False
10561c2d-d3f8-42c5-95a6-fa1865cd6db4,SeqQA,ORF-seq-AAseq-v1-public,reserve,155,False
3e28ee9e-97eb-4bd5-96cf-f3238bc27e64,SeqQA,ORF-seq-numlen-v1-public,reserve,156,False
4b669efe-3bf5-41ce-8c5c-19fa2145745a,SeqQA,PCR-len-primers-v1-public,reserve,157,False
f849467f-f80f-40bf-bd21-3b7915c2a96e,SeqQA,RE-seq-lenfrags-v1-public,reserve,158,False
5774d103-38fd-4906-941b-fd753f5a1ce4,SeqQA,RE-seq-numfrags-v1-public,reserve,159,False
22e8aea5-feb9-43ac-94a6-2f48a23b7400,SeqQA,PCR-len-primers-v1-public,reserve,160,False
31306dcf-5216-449f-bcea-900d8bc73a94,SeqQA,ORF-seq-AAid-v1-public,reserve,161,False
c50b2ab5-bfce-47ef-9c86-aac126068155,SeqQA,PCR-seq-primers-v1-public,reserve,162,False
5e230d7d-f2d4-4546-b35b-f156b1e3af7f,SeqQA,ORF-seq-numlen-v1-public,reserve,163,False
0cc750bf-f00e-4162-a338-0effb521f139,SeqQA,ORF-seq-numlen-v1-public,reserve,164,False
0c5748ff-e100-481b-b55a-abfc4adf47de,SeqQA,PCR-seq-primers-v1-public,reserve,165,False
5a511fa7-a5e0-4f47-a9f3-ddf61deea8e2,SeqQA,PCR-gene-enzprimers-v1-public,reserve,166,False
4cbc3143-08ab-47ac-9a0c-2340ad5d2011,SeqQA,RE-seq-numfrags-v1-public,reserve,167,False
1e11e93b-af7a-4265-9a3f-9e9c8689d321,SeqQA,ORF-seq-AAseq-v1-public,reserve,168,False
4da60aa1-7212-4bef-a23a-00abbc869bc3,SeqQA,PCR-len-primers-v1-public,reserve,169,False
de3f2f52-bc6b-4ad5-9d4b-979b87a27e72,SeqQA,ORF-seq-AAseq-v1-public,reserve,170,False
55ad63fe-e05e-4b41-82d2-6ae1d51b42a2,SeqQA,PCR-primers-len-v1-public,reserve,171,False
0bddee9b-ab64-44ee-91ef-d6fb316bbb07,SeqQA,PCR-gene-enzprimers-v1-public,reserve,172,False
ccc1c94b-96f8-4d67-b44e-2684946ac208,SeqQA,RE-seq-lenfrags-v1-public,reserve,173,False
b78ed598-bebc-43f0-b23e-e968485bb391,SeqQA,PCR-geneprimers-enz-v1-public,reserve,174,False
7f3b67a8-6cb7-4431-8aad-1fc5d4f494d9,SeqQA,ORF-seq-AAseq-v1-public,reserve,175,False
71f7021e-0fd4-49ce-b809-28819e2abec8,SeqQA,RE-seq-numfrags-v1-public,reserve,176,False
e9adadd2-e8ab-4c53-aca4-b17e6ec113c9,SeqQA,Prop-seq-gcpercent-v1-public,reserve,177,False
de3fb301-86cb-4f48-bce8-8d8dbf72fef4,SeqQA,ORF-transeff-v1-public,reserve,178,False
4ec3224a-2488-4fdc-bf7a-e1ad7c84a2b7,SeqQA,PCR-seq-enzprimers-v1-public,reserve,179,False
5d930d88-1de4-4c00-a4ab-87de4206557d,SeqQA,ORF-transeff-v1-public,reserve,180,False
5411bcfe-4f0f-460c-a742-624336d56df1,SeqQA,PCR-geneprimers-enz-v1-public,reserve,181,False
ede442c2-b870-40ca-8533-905e96365801,SeqQA,PCR-gene-enzprimers-v1-public,reserve,182,False
04b6d708-f31c-4745-b48e-c1c2bb90be00,SeqQA,PCR-gene-gibshindprimers-v1-public,reserve,183,False
9bea2ad7-44ed-4ef5-9fb9-5936cb9921d7,SeqQA,ORF-seq-AAid-v1-public,reserve,184,False
97b4a87d-7330-4419-8c1e-2c5d2e44ed00,SeqQA,PCR-gene-gibssmaprimers-v1-public,reserve,185,False
387f9191-dc13-47bf-bed5-a8b82f98188a,SeqQA,RE-seq-lenfrags-v1-public,reserve,186,False
c90063ad-9a7e-4c69-9138-ae18af452a17,SeqQA,PCR-gene-gibssmaprimers-v1-public,reserve,187,False
3da2e8a7-90c2-4c13-ab02-329afa7e74ad,SeqQA,PCR-len-primers-v1-public,reserve,188,False
1d19ed3e-d055-4d50-a8fd-0b0b56ba916d,SeqQA,PCR-len-primers-v1-public,reserve,189,False
348cfdab-531c-4c6e-853c-9fd7c06e75fe,SeqQA,RE-seq-lenfrags-v1-public,reserve,190,False
5c03a7c3-04e2-40e4-804c-38d3d755dbcc,SeqQA,PCR-len-primers-v1-public,reserve,191,False
f231505b-df69-486b-a35a-358ebfab8167,SeqQA,PCR-geneprimers-enz-v1-public,reserve,192,False
1bf59005-ccfa-4415-b08d-ee3f1ecbee79,SeqQA,Prop-seq-gcpercent-v1-public,reserve,193,False
b4ae4a4b-adf8-48fc-83d6-682a38163b09,SeqQA,PCR-gene-enzprimers-v1-public,reserve,194,False
7b7620b7-bf69-4ab3-940b-7f4afc02954b,SeqQA,ORF-seq-numlen-v1-public,reserve,195,False
6b93e00e-46f0-4ee4-ac97-420c802f05b7,SeqQA,RE-seq-numfrags-v1-public,reserve,196,False
00e661dc-a0df-4166-bb35-96f800525b13,SeqQA,PCR-seq-enzprimers-v1-public,reserve,197,False
dd194f60-bdc1-4846-b40d-3fd79c00c9e7,SeqQA,PCR-gene-gibshindprimers-v1-public,reserve,198,False
773b7861-037a-4f61-bdf9-fbb9c3cf5800,SeqQA,PCR-gene-gibshindprimers-v1-public,reserve,199,False
97d22a9c-541c-4d63-bd52-9741ed5e770f,SeqQA,ORF-transeff-v1-public,reserve,200,False
b605ace4-edbc-4c18-849d-346d75362999,SeqQA,PCR-seq-primers-v1-public,reserve,201,False
350497d1-7850-4406-ba06-25ad2b180302,SeqQA,PCR-gene-gibssmaprimers-v1-public,reserve,202,False
6ff59ebd-f842-41f4-aa82-588a009e37be,SeqQA,Prop-seq-gcpercent-v1-public,reserve,203,False
d586ac3a-e641-41cd-87ad-d9b763148ec9,SeqQA,ORF-seq-AAid-v1-public,reserve,204,False
f7760ef3-aff7-420a-bdb3-82234984b50e,SeqQA,PCR-gene-gibssmaprimers-v1-public,reserve,205,False
d69418fe-ce9a-4171-8ea3-502f1d4fc3ca,SeqQA,PCR-geneprimers-enz-v1-public,reserve,206,False
4369092f-1e5a-4084-ad13-3358297c046a,SeqQA,ORF-seq-AAseq-v1-public,reserve,207,False
a3775559-e542-4142-a882-8e87a2ef2efd,SeqQA,ORF-transeff-v1-public,reserve,208,False
8151bfab-5474-4177-8694-33d29f2fde43,SeqQA,RE-seq-lenfrags-v1-public,reserve,209,False
179287d5-c3dd-455b-995b-f6113c4d8a8d,SeqQA,Prop-seq-gcpercent-v1-public,reserve,210,False
9e88f12a-88cd-4077-9b0a-0e28c652b67a,SeqQA,RE-seq-lenfrags-v1-public,reserve,211,False
1a8cc9ae-276c-4aef-9806-8c840334f269,SeqQA,PCR-len-primers-v1-public,reserve,212,False
0ec3f1c1-b63e-4425-b386-824b524aada0,SeqQA,PCR-seq-primers-v1-public,reserve,213,False
dfacdcad-c0ea-495e-9962-a28e06a6f42e,SeqQA,PCR-seq-primers-v1-public,reserve,214,False
441be77d-4175-43e8-985f-c39ba1b9bf37,SeqQA,PCR-primers-len-v1-public,reserve,215,False
2c5ef6b4-00f4-4558-b89a-0204819504a7,SeqQA,PCR-gene-gibshindprimers-v1-public,reserve,216,False
af4d5754-ed8b-480f-9ac4-d7827a0ac84d,SeqQA,ORF-seq-AAseq-v1-public,reserve,217,False
9a0c2046-928f-4f00-9f31-d4f15f578160,SeqQA,PCR-gene-gibshindprimers-v1-public,reserve,218,False
67c04e58-e5c1-4edf-8725-ec3c69c49807,SeqQA,ORF-seq-AAseq-v1-public,reserve,219,False
97da70f3-7dea-4fe1-a708-3b78eea73522,SeqQA,ORF-transeff-v1-public,reserve,220,False
b2fb94e6-88a7-4bab-8d29-40efdfdd94b9,SeqQA,PCR-gene-gibssmaprimers-v1-public,reserve,221,False
fbf0fdf8-d92c-4cd1-b7d6-3f76c164ce3f,SeqQA,PCR-len-primers-v1-public,reserve,222,False
bdca4653-d6f1-4de8-81e9-7ef5756356dc,SeqQA,PCR-primers-len-v1-public,reserve,223,False
27e661ad-a491-4a36-9dd3-248327db35a5,SeqQA,ORF-seq-numlen-v1-public,reserve,224,False
6fa247c4-9fe2-4532-b8b1-d1d0b9963727,SeqQA,PCR-gene-enzprimers-v1-public,reserve,225,False
d3bfca5c-71bd-4066-9a29-aff14a7f56e2,SeqQA,RE-seq-lenfrags-v1-public,reserve,226,False
c44399b4-0efa-41c1-b4ce-c63f848f1d68,SeqQA,ORF-seq-AAid-v1-public,reserve,227,False
68f480e2-ee31-4da0-be73-e4e125f9d844,SeqQA,PCR-gene-gibshindprimers-v1-public,reserve,228,False
3a492a75-cab6-4bcf-b3bd-dc3155258d54,SeqQA,ORF-seq-AAid-v1-public,reserve,229,False
46ae6eb2-e45d-4cd6-a595-b8b9471b3ff2,SeqQA,PCR-len-primers-v1-public,reserve,230,False
057fc1b9-bafa-4b5b-a179-2774136d84e6,SeqQA,PCR-seq-enzprimers-v1-public,reserve,231,False
a1b41f49-7519-4c4d-9b32-d4d9f84c3f58,SeqQA,PCR-seq-enzprimers-v1-public,reserve,232,False
42c3cf8a-a607-4ef3-9707-a08665845202,SeqQA,RE-seq-lenfrags-v1-public,reserve,233,False
0121f611-8938-444b-a9d0-452a4e076a73,SeqQA,PCR-seq-primers-v1-public,reserve,234,False
df397f08-19db-442e-a6ba-7eb0b9a125a4,SeqQA,PCR-gene-gibshindprimers-v1-public,reserve,235,False
fff62bd8-2820-4e40-8bc7-0e62cde13c16,SeqQA,ORF-seq-AAseq-v1-public,reserve,236,False
3634cc6e-8424-43f5-811e-9afa3070039e,SeqQA,PCR-gene-enzprimers-v1-public,reserve,237,False
1521dd52-66c4-4ead-a427-001a972dbf67,SeqQA,PCR-gene-gibshindprimers-v1-public,reserve,238,False
fa1d2ab0-62c3-46ac-87e0-aa37003388e8,SeqQA,ORF-seq-numlen-v1-public,reserve,239,False
85a93675-1bc9-48a9-9549-3312fa611b13,SeqQA,ORF-seq-AAseq-v1-public,reserve,240,False
4d90741e-6d40-4fdc-9582-d23ead7229a5,SeqQA,PCR-primers-len-v1-public,reserve,241,False
983557c4-afdd-452a-8634-fb5d04108ab6,SeqQA,PCR-len-primers-v1-public,reserve,242,False
7bf9f8b3-3f69-496f-8c34-71ba63fb9b6c,SeqQA,Prop-seq-gcpercent-v1-public,reserve,243,False
6eee2461-17ad-4342-8e01-1540ee33b10b,SeqQA,PCR-geneprimers-enz-v1-public,reserve,244,False
5c7d1504-f022-4bb9-9298-bacd2ef40de4,SeqQA,ORF-seq-numlen-v1-public,reserve,245,False
4c1fadfb-8e03-41f4-95ef-64b1673f08bc,SeqQA,RE-seq-numfrags-v1-public,reserve,246,False
6a2ae9d6-8bdd-4613-b2ad-ed1cf53e7b37,SeqQA,PCR-geneprimers-enz-v1-public,reserve,247,False
257c0b80-a48d-472d-b141-08d6ea098af0,SeqQA,ORF-seq-AAseq-v1-public,reserve,248,False
403a60e0-9fbb-4bf8-9312-ee199181416e,SeqQA,PCR-seq-primers-v1-public,reserve,249,False
0dfbb96e-dbd8-4a9c-9c99-57ceda6d7d6f,SeqQA,PCR-seq-enzprimers-v1-public,reserve,250,False
a174c9f2-d0f8-4aba-97e9-1c3f4e31d4ca,SeqQA,ORF-transeff-v1-public,reserve,251,False
91252444-6380-4da2-844a-972867ec6233,SeqQA,PCR-geneprimers-enz-v1-public,reserve,252,False
1ed88348-8457-4317-911d-d644f0b07767,SeqQA,PCR-gene-gibssmaprimers-v1-public,reserve,253,False
eed304eb-4f9a-41df-a943-79e3ab950331,SeqQA,PCR-gene-gibssmaprimers-v1-public,reserve,254,False
7a7d9a08-6b9f-48e2-a9a2-a22f7d505d3c,SeqQA,PCR-gene-enzprimers-v1-public,reserve,255,False
08b87c52-e33c-4054-9850-eee93af7bcb8,SeqQA,PCR-gene-gibshindprimers-v1-public,reserve,256,False
04c91571-eff9-4d75-b6dd-a8481f857b18,SeqQA,PCR-seq-primers-v1-public,reserve,257,False
1e2b4072-2aaf-47ba-9e7d-cd8d25942946,SeqQA,ORF-seq-numlen-v1-public,reserve,258,False
944d8892-ff7a-402e-b6b1-2768872361e1,SeqQA,Prop-seq-gcpercent-v1-public,reserve,259,False
b0f80f7b-fb37-4d03-b8a0-34c1e6c1db96,SeqQA,ORF-seq-AAseq-v1-public,reserve,260,False
6cdb468e-7d73-46b6-99d8-7c59acf4bcdf,SeqQA,ORF-seq-numlen-v1-public,reserve,261,False
e8e578de-6d94-4a1a-9829-9a7330c09f16,SeqQA,RE-seq-numfrags-v1-public,reserve,262,False
c70d9343-1c25-4565-b08f-6aef553162d8,SeqQA,PCR-len-primers-v1-public,reserve,263,False
860d9aa7-2411-4e64-8eb9-1241142e41c9,SeqQA,ORF-seq-AAseq-v1-public,reserve,264,False
e82e0eac-4841-4f55-937b-8fe17110301f,SeqQA,PCR-gene-gibshindprimers-v1-public,reserve,265,False
bd078a49-ecbc-4d38-a294-154f3ac43b1b,SeqQA,Prop-seq-gcpercent-v1-public,reserve,266,False
a74b3525-88c1-46be-8c51-90314280ccd8,SeqQA,ORF-seq-numlen-v1-public,reserve,267,False
588956e7-efed-4a8c-9d15-f2aa6744d7e4,SeqQA,PCR-geneprimers-enz-v1-public,reserve,268,False
2fc14416-6452-4489-afef-9cf2898a4bee,SeqQA,PCR-gene-enzprimers-v1-public,reserve,269,False
de58aa4c-2b7e-4987-8784-961ab0398bf5,SeqQA,RE-seq-lenfrags-v1-public,reserve,270,False
53ab1a00-d094-4368-9d97-92da2770b536,SeqQA,PCR-gene-enzprimers-v1-public,reserve,271,False
77101ce9-8e55-4f7c-a5e6-d0583d79a3ef,SeqQA,PCR-seq-enzprimers-v1-public,reserve,272,False
02ac3881-f4d6-4935-ae1e-35d221ef9f7b,SeqQA,ORF-seq-AAid-v1-public,reserve,273,False
4d9b8f19-4fb3-42e5-ace4-bf8d01ace2d0,SeqQA,RE-seq-lenfrags-v1-public,reserve,274,False
c61c8538-a143-4423-b567-c8c6985dfccd,SeqQA,PCR-geneprimers-enz-v1-public,reserve,275,False
97a146a7-52b8-41a9-8d5d-4a4684029cea,SeqQA,RE-seq-numfrags-v1-public,reserve,276,False
4f518e4d-d44f-47dc-851f-7637f6b770f9,SeqQA,RE-seq-lenfrags-v1-public,reserve,277,False
298466bc-8295-4062-89fd-05cd1609ca62,SeqQA,ORF-seq-AAid-v1-public,reserve,278,False
9d2e1186-32f7-48a5-abeb-e721d6baa91b,SeqQA,PCR-gene-gibshindprimers-v1-public,reserve,279,False
cf5c3ce8-0de7-4649-8ab9-8060a6c245ff,SeqQA,PCR-geneprimers-enz-v1-public,reserve,280,False
6737cb8b-07d0-4906-84dc-71077b381e25,SeqQA,ORF-seq-numlen-v1-public,reserve,281,False
8db089a3-a6a2-45d0-98bc-14015191d5f1,SeqQA,ORF-seq-AAid-v1-public,reserve,282,False
63f5a7bd-abac-40ab-9c02-4b9f85a75617,SeqQA,ORF-seq-AAseq-v1-public,reserve,283,False
a2085b17-3ca5-40e0-8f2a-c54f64ea375a,SeqQA,ORF-seq-AAid-v1-public,reserve,284,False
d149df76-387f-4f60-bdf3-02b7aae93700,SeqQA,PCR-gene-gibshindprimers-v1-public,reserve,285,False
c6ed0a91-ccc6-466a-98b8-544ed3607164,SeqQA,PCR-geneprimers-enz-v1-public,reserve,286,False
a7f4dd1a-f1b4-47cf-91a5-6c61348c6c7d,SeqQA,PCR-geneprimers-enz-v1-public,reserve,287,False
65ef3398-cf8f-4f4a-ace9-4cf81efcd015,SeqQA,PCR-primers-len-v1-public,reserve,288,False
de756539-c341-4af2-9895-803ef8082ec8,SeqQA,RE-seq-lenfrags-v1-public,reserve,289,False
efb435e0-6d7b-4c18-a303-594074699de5,SeqQA,PCR-gene-gibssmaprimers-v1-public,reserve,290,False
21378ea4-bdf9-4c39-900e-df1313c9f8d3,SeqQA,RE-seq-numfrags-v1-public,reserve,291,False
1660108c-551d-49e8-aa15-01fbd2d9563a,SeqQA,RE-seq-numfrags-v1-public,reserve,292,False
b538c16b-dd57-45b6-9e75-5cfe035f31c8,SeqQA,ORF-seq-AAseq-v1-public,reserve,293,False
7bed601a-063f-4f38-9868-e30332335c0a,SeqQA,ORF-seq-AAseq-v1-public,reserve,294,False
43d53038-36d4-4dc8-b33f-9b3f6245cccf,SeqQA,PCR-geneprimers-enz-v1-public,reserve,295,False
232981f1-b365-418b-b1f7-5e8e0cb8acf2,SeqQA,RE-seq-lenfrags-v1-public,reserve,296,False
fe04cd5a-b6b4-4afe-8fa1-f115cdb782ea,SeqQA,PCR-gene-enzprimers-v1-public,reserve,297,False
7fb23906-dea2-4e70-9073-62e8185795c2,SeqQA,RE-seq-numfrags-v1-public,reserve,298,False
e4a359fc-fcbf-4110-80f5-48d9967db709,SeqQA,PCR-gene-gibshindprimers-v1-public,reserve,299,False
ed7a56ed-71cf-4ce3-84ed-05933beff7fa,SeqQA,ORF-transeff-v1-public,reserve,300,False
925bf3f0-4d75-4fbb-b417-322ad82f34d8,SeqQA,PCR-len-primers-v1-public,reserve,301,False
f07463bf-83c7-4063-9d1d-bb73a5201c5b,SeqQA,ORF-seq-AAid-v1-public,reserve,302,False
48eb85df-6d0b-423d-9706-862fd928b410,SeqQA,PCR-seq-primers-v1-public,reserve,303,False
3bfbdf06-a238-4cd7-ada7-8b54d895123a,SeqQA,PCR-gene-enzprimers-v1-public,reserve,304,False
836a5015-5209-48c0-9901-6f3fdbc9ea2c,SeqQA,Prop-seq-gcpercent-v1-public,reserve,305,False
7d615e46-7bbd-48d0-933e-84d6660ea77f,SeqQA,ORF-transeff-v1-public,reserve,306,False
fb2c4e91-d72c-4239-9251-ce1ee39129e5,SeqQA,ORF-seq-numlen-v1-public,reserve,307,False
a9849ca3-e1a9-4278-b948-c706b05e30fe,SeqQA,PCR-gene-enzprimers-v1-public,reserve,308,False
e4727b66-dd34-45d3-8e4f-95474f011557,SeqQA,Prop-seq-gcpercent-v1-public,reserve,309,False
d832067c-5ce6-4247-8156-83fb7520e0ee,SeqQA,ORF-seq-numlen-v1-public,reserve,310,False
6ba613d2-f314-448b-a927-9651b2623344,SeqQA,PCR-gene-gibssmaprimers-v1-public,reserve,311,False
7cfde362-a31f-4313-aa4b-fbd86d17e9de,SeqQA,PCR-primers-len-v1-public,reserve,312,False
5e5904b4-6467-4f84-9205-6aae3624e175,SeqQA,PCR-primers-len-v1-public,reserve,313,False
05e3f6d4-075e-4c81-b236-2cd3039200b1,SeqQA,PCR-gene-gibshindprimers-v1-public,reserve,314,False
e04f84e5-9704-4a38-892f-0a591415d4ba,SeqQA,PCR-primers-len-v1-public,reserve,315,False
4b7394c3-63d0-430a-954b-ce5d735a678d,SeqQA,ORF-transeff-v1-public,reserve,316,False
226e7494-d7b4-4e63-8d9d-1bc9e7be34e3,SeqQA,PCR-geneprimers-enz-v1-public,reserve,317,False
f35f21b8-43e2-4ac6-bb3e-d4dba6543bca,SeqQA,PCR-gene-gibssmaprimers-v1-public,reserve,318,False
14379785-6102-40ca-bf62-e87d330a45a3,SeqQA,PCR-seq-enzprimers-v1-public,reserve,319,False
74e00910-cde2-4683-82b2-9c24479a4708,SeqQA,ORF-seq-AAid-v1-public,reserve,320,False
af0e4a98-6def-4554-b0cc-3cf6fcdf95e0,SeqQA,PCR-len-primers-v1-public,reserve,321,False
3a2baa0e-ecf2-4a09-a456-9814c3e24061,SeqQA,ORF-seq-numlen-v1-public,reserve,322,False
53b30411-24d3-45b1-91a8-957ed1a2847f,SeqQA,PCR-gene-gibshindprimers-v1-public,reserve,323,False
a9c22add-495d-4f9b-8bbb-eadbed50644b,SeqQA,PCR-len-primers-v1-public,reserve,324,False
0628521b-2989-4bbe-837b-84252d516868,SeqQA,PCR-seq-enzprimers-v1-public,reserve,325,False
4cde8aa0-3955-467c-843d-9be364ed8055,SeqQA,PCR-gene-enzprimers-v1-public,reserve,326,False
edfe16a8-b7a7-4dd5-b1fb-d185c9bd204c,SeqQA,PCR-len-primers-v1-public,reserve,327,False
bdb96555-2a0c-41b2-9071-e54ccac7f56a,SeqQA,RE-seq-lenfrags-v1-public,reserve,328,False
6e917bd4-c80e-438e-8cbd-56cf7595cc72,SeqQA,PCR-gene-gibshindprimers-v1-public,reserve,329,False
7eeb4f09-bc39-4222-b680-1b85096270a6,SeqQA,ORF-seq-numlen-v1-public,reserve,330,False
4a90fb45-0fa9-4147-b978-753df9e65f0f,SeqQA,PCR-primers-len-v1-public,reserve,331,False
0c6d3c5a-c1ab-4cae-820c-d12b683d0ecc,SeqQA,ORF-transeff-v1-public,reserve,332,False
59fc7ccd-4bfe-4f66-9fe1-df8081826069,SeqQA,Prop-seq-gcpercent-v1-public,reserve,333,False
6452f1be-4efb-4146-8cdc-4ff48357560c,SeqQA,PCR-gene-gibssmaprimers-v1-public,reserve,334,False
b6c27666-c645-4825-bc35-a0aeaebbf9a4,SeqQA,ORF-transeff-v1-public,reserve,335,False
4124b94f-b8f6-483c-a326-053c62130e99,SeqQA,PCR-seq-primers-v1-public,reserve,336,False
286fe842-27c6-487c-819f-6503b033bd19,SeqQA,PCR-seq-primers-v1-public,reserve,337,False
14210c48-19ae-4224-a495-aa5f0116bbfb,SeqQA,Prop-seq-gcpercent-v1-public,reserve,338,False
23eb55f3-b63b-4959-9701-b60b4a68d1c4,SeqQA,ORF-seq-numlen-v1-public,reserve,339,False
7d75baf7-3f6f-46d3-8e4e-b22fb3c5a7a9,SeqQA,RE-seq-lenfrags-v1-public,reserve,340,False
3897980a-7240-4736-a3a2-675b7b14002a,SeqQA,PCR-geneprimers-enz-v1-public,reserve,341,False
432cda0d-8da2-41b4-b3b7-e0f47e605a9e,SeqQA,PCR-len-primers-v1-public,reserve,342,False
9b991e94-a5d9-4c88-aa37-7b880107b71c,SeqQA,PCR-seq-enzprimers-v1-public,reserve,343,False
2e9b71bb-65cf-4663-83f0-ebefba7e510e,SeqQA,ORF-seq-AAseq-v1-public,reserve,344,False
8115ba04-a9b7-48b1-911e-0ab2a3707e3a,SeqQA,PCR-primers-len-v1-public,reserve,345,False
a1e77200-fb26-4356-9d6b-105ebd60ecd5,SeqQA,ORF-seq-numlen-v1-public,reserve,346,False
bc3cd023-5bcb-4eaf-9dd1-aa585e0d03d6,SeqQA,PCR-gene-gibshindprimers-v1-public,reserve,347,False
9dbb7efd-d83c-45b9-ad03-7e372f062ad4,SeqQA,PCR-primers-len-v1-public,reserve,348,False
6841fc4f-b0a1-4960-8830-da86aeb8bf78,SeqQA,ORF-seq-AAid-v1-public,reserve,349,False
1a3a345e-7b9b-4e33-bf3e-056654d825c4,SeqQA,PCR-primers-len-v1-public,reserve,350,False
19789654-bc27-4e74-99aa-52740ad03453,SeqQA,PCR-gene-enzprimers-v1-public,reserve,351,False
e96bf1c8-7941-49c5-8f82-a7218c0ccfc4,SeqQA,PCR-gene-gibshindprimers-v1-public,reserve,352,False
b6f3882f-4c3c-44a8-a9d8-bcc50019c74d,SeqQA,ORF-transeff-v1-public,reserve,353,False
b051bce5-9940-4aae-9ea5-a0b5530afaea,SeqQA,ORF-seq-AAid-v1-public,reserve,354,False
c59b8391-002e-448e-9088-eb4eea0d9b57,SeqQA,PCR-gene-gibssmaprimers-v1-public,reserve,355,False
cc785251-aac6-4a33-8b8a-09979a81ad2b,SeqQA,Prop-seq-gcpercent-v1-public,reserve,356,False
44c3cf75-4d5e-4c94-a643-e2e0899babd3,SeqQA,PCR-gene-enzprimers-v1-public,reserve,357,False
e39c274c-32da-47a6-8f5d-c2bf881676b8,SeqQA,PCR-gene-enzprimers-v1-public,reserve,358,False
3bff0c74-55c6-4192-b823-eddb04ced769,SeqQA,Prop-seq-gcpercent-v1-public,reserve,359,False
74880201-d804-4f19-bba0-615d4c5e5934,SeqQA,ORF-transeff-v1-public,reserve,360,False
6c7169c5-c94b-455f-9869-ce1a5b3327e3,SeqQA,ORF-transeff-v1-public,reserve,361,False
ed09a239-db3d-43a5-899a-5f7a5633bfaa,SeqQA,PCR-geneprimers-enz-v1-public,reserve,362,False
17db7b8e-122a-4be8-aed3-9612176e762d,SeqQA,RE-seq-lenfrags-v1-public,reserve,363,False
ac39580c-8063-4d39-a165-d2a42c8b1788,SeqQA,RE-seq-lenfrags-v1-public,reserve,364,False
c79459b2-36cb-40af-bb1d-fdc9e6d8f3aa,SeqQA,PCR-seq-primers-v1-public,reserve,365,False
8fc7153f-fa51-4c20-aa5f-193ee6084f3e,SeqQA,PCR-gene-gibssmaprimers-v1-public,reserve,366,False
f46c025f-74ef-4caa-b604-305a28778210,SeqQA,PCR-gene-gibshindprimers-v1-public,reserve,367,False
1fbe6049-2064-454d-b8cb-263947ba6d33,SeqQA,PCR-gene-enzprimers-v1-public,reserve,368,False
f883b7ed-7d02-404d-a26d-63dea69f1d5c,SeqQA,RE-seq-lenfrags-v1-public,reserve,369,False
2b576b1f-01a9-4301-8dad-079d9fcab8b5,SeqQA,PCR-geneprimers-enz-v1-public,reserve,370,False
54badd9b-b1d4-499f-9346-2c9da20f8d9b,SeqQA,ORF-seq-numlen-v1-public,reserve,371,False
7df21e90-5110-450b-9e9b-0e64df27a9a1,SeqQA,PCR-seq-enzprimers-v1-public,reserve,372,False
713fd967-695a-482c-aaad-65119c876511,SeqQA,PCR-primers-len-v1-public,reserve,373,False
a0e151c1-401b-4a32-9771-66348087f16b,SeqQA,Prop-seq-gcpercent-v1-public,reserve,374,False
c90f7700-8591-4c74-8fdf-9fabc909f84e,SeqQA,ORF-seq-AAseq-v1-public,reserve,375,False
1d1a582f-2088-4089-ad4f-2918a5e7fb49,SeqQA,PCR-len-primers-v1-public,reserve,376,False
e62f6da5-d411-405c-a917-d16f8e83e1d3,SeqQA,PCR-gene-enzprimers-v1-public,reserve,377,False
799f3052-f6e5-4e2f-84b3-c43ce418d740,SeqQA,PCR-gene-gibshindprimers-v1-public,reserve,378,False
66443f9b-3aa7-4b79-a16b-fb24a8f69039,SeqQA,PCR-primers-len-v1-public,reserve,379,False
fe9ddf40-42d8-4845-8728-5d5323e5e863,SeqQA,PCR-len-primers-v1-public,reserve,380,False
7a4065de-3d3b-4f85-a138-c958ff05283c,SeqQA,RE-seq-numfrags-v1-public,reserve,381,False
52f5d755-0aca-4e62-8900-dd33ba40eb78,SeqQA,PCR-seq-enzprimers-v1-public,reserve,382,False
f6dcaa3b-449c-4a8c-a237-1c0368640cc6,SeqQA,PCR-primers-len-v1-public,reserve,383,False
257b3e5d-bf34-4c68-a9c2-98534ec73342,SeqQA,PCR-len-primers-v1-public,reserve,384,False
9fbbc009-a3b7-40c1-a85f-8abada5933b3,SeqQA,PCR-gene-gibshindprimers-v1-public,reserve,385,False
b2e246a8-056d-43e5-98f1-8434bfb4e614,SeqQA,ORF-transeff-v1-public,reserve,386,False
dbff1694-e1fe-46f1-ac97-d52dd1a4734f,SeqQA,PCR-seq-enzprimers-v1-public,reserve,387,False
68d01700-93b2-4c01-a28d-07da33adefd3,SeqQA,PCR-len-primers-v1-public,reserve,388,False
b0ac4625-8db6-436d-8c4c-183f4b0f817c,SeqQA,ORF-seq-AAseq-v1-public,reserve,389,False
7608ba65-c474-487b-be90-63ad5609c96a,SeqQA,PCR-seq-enzprimers-v1-public,reserve,390,False
af3b3a9b-4567-4391-bfcd-61c621dce7da,SeqQA,ORF-seq-AAseq-v1-public,reserve,391,False
b49ac2ea-e2f0-4f8a-819b-401158201cec,SeqQA,RE-seq-lenfrags-v1-public,reserve,392,False
e6373f86-a64f-4c26-b351-c3bdd1e9188a,SeqQA,ORF-transeff-v1-public,reserve,393,False
d35a0e88-9fc4-4d18-9a7e-bf7ef5562dcd,SeqQA,PCR-seq-enzprimers-v1-public,reserve,394,False
e89a4240-85fa-44d2-a173-a584bbb9b8c1,SeqQA,Prop-seq-gcpercent-v1-public,reserve,395,False
eeb633e2-2b14-49fd-9a49-3f582c4c2b70,SeqQA,PCR-gene-enzprimers-v1-public,reserve,396,False
f12f8508-38ca-4e27-856d-32366a3b992d,SeqQA,PCR-gene-gibshindprimers-v1-public,reserve,397,False
fd3deb3a-c9bf-40e7-b9e7-82029f838cc7,SeqQA,PCR-len-primers-v1-public,reserve,398,False
2ef39ddd-ee65-4e3a-b3b8-b84203a2d9db,SeqQA,ORF-seq-numlen-v1-public,reserve,399,False
0914c85e-b365-45a6-ae1c-a4076e3f329e,SeqQA,RE-seq-numfrags-v1-public,reserve,400,False
cce2cfa1-e92b-4b92-b897-9a588312e3c2,SeqQA,RE-seq-lenfrags-v1-public,reserve,401,False
6fe57be6-1cf5-4c4f-8d7f-519e88a22992,SeqQA,PCR-gene-enzprimers-v1-public,reserve,402,False
2c388708-f2c9-4b2e-b267-ea80d33401a3,SeqQA,PCR-primers-len-v1-public,reserve,403,False
8301fad8-7df2-4c1a-863f-c56ad047b222,SeqQA,RE-seq-numfrags-v1-public,reserve,404,False
2a7c9365-3e17-4cb9-a403-246dab046e7d,SeqQA,PCR-seq-primers-v1-public,reserve,405,False
89d35fef-a744-43a8-8575-fc1a2ff51a37,SeqQA,ORF-seq-AAid-v1-public,reserve,406,False
bdfe0a48-685e-45bf-8b9b-030a68ff52f2,SeqQA,PCR-gene-gibshindprimers-v1-public,reserve,407,False
b76549e6-7792-4fc8-ad8b-78ed33abc7b3,SeqQA,RE-seq-lenfrags-v1-public,reserve,408,False
307f5063-780c-4dcb-a5b8-b5b551550afa,SeqQA,ORF-seq-AAid-v1-public,reserve,409,False
50a33f9f-f04f-4779-8ce2-9eb98ff09eb5,SeqQA,PCR-seq-primers-v1-public,reserve,410,False
aba0c05a-ad0b-4ec9-a904-dcbfad76e4c8,SeqQA,PCR-gene-gibssmaprimers-v1-public,reserve,411,False
2ce14c04-20c6-4ee5-bf57-43ec141bf8fa,SeqQA,PCR-gene-gibshindprimers-v1-public,reserve,412,False
82feb244-f3b1-433d-bd2a-a4d5fefabdd1,SeqQA,ORF-seq-numlen-v1-public,reserve,413,False
43f9074e-658b-479c-93f7-de0f0d2a76d4,SeqQA,ORF-transeff-v1-public,reserve,414,False
40871941-d3f3-4af0-95a8-37a75f08af1c,SeqQA,ORF-seq-AAseq-v1-public,reserve,415,False
e626298b-7ab3-4a85-8f21-1884480dd2d6,SeqQA,RE-seq-lenfrags-v1-public,reserve,416,False
46c45083-a212-4e1c-b9e5-fe1e52ecb7b4,SeqQA,RE-seq-numfrags-v1-public,reserve,417,False
e3301e9d-5b00-4dbd-87b4-9b5e835553af,SeqQA,PCR-seq-enzprimers-v1-public,reserve,418,False
92c6fed7-14a4-4605-8679-19e09bf124db,SeqQA,PCR-primers-len-v1-public,reserve,419,False
5f53152b-61cd-48ae-aab6-3edb35abca83,SeqQA,ORF-seq-AAid-v1-public,reserve,420,False
f21dc1ca-a1a2-403a-824e-a17f27f2cca3,SeqQA,PCR-len-primers-v1-public,reserve,421,False
cbeb9204-422f-4782-81ec-09453aa07d34,SeqQA,Prop-seq-gcpercent-v1-public,reserve,422,False
c6d09cb3-8e57-459b-a268-38ee3bd9738a,SeqQA,PCR-len-primers-v1-public,reserve,423,False
36180574-e295-472f-bc5c-a93ef1c9f824,SeqQA,PCR-gene-gibshindprimers-v1-public,reserve,424,False
845bd968-4da5-460b-9985-e3332eada488,SeqQA,PCR-primers-len-v1-public,reserve,425,False
ff28fc5e-3678-40f2-810d-c57d03fa49ce,SeqQA,ORF-seq-numlen-v1-public,reserve,426,False
d78403e6-c160-4c63-af92-51915673b84f,SeqQA,Prop-seq-gcpercent-v1-public,reserve,427,False
5faaae34-f269-44ae-9a5b-53af685278a8,SeqQA,PCR-gene-enzprimers-v1-public,reserve,428,False
a4266133-9d35-4f0c-9d1f-b0e9af3e7dd8,SeqQA,PCR-gene-gibssmaprimers-v1-public,reserve,429,False
e4711511-5e6c-4448-9026-861806d422c5,SeqQA,PCR-seq-enzprimers-v1-public,reserve,430,False
99121f16-75ba-454f-b7de-51ce21f9f1d2,SeqQA,RE-seq-lenfrags-v1-public,reserve,431,False
392f1b28-c61a-4245-91b0-0e4d1db3b13c,SeqQA,PCR-geneprimers-enz-v1-public,reserve,432,False
594e07d8-c466-4ca3-a659-480978915b0a,SeqQA,PCR-len-primers-v1-public,reserve,433,False
700e03a7-385f-4d7c-b4dd-2e3320d52262,SeqQA,PCR-gene-gibshindprimers-v1-public,reserve,434,False
54e8c783-5cd4-41fa-bab9-509dedcf12c7,SeqQA,PCR-geneprimers-enz-v1-public,reserve,435,False
72b234db-5fbf-4bd9-a88e-127f6656b24d,SeqQA,PCR-seq-enzprimers-v1-public,reserve,436,False
17c1d08a-8949-4da2-a1ec-ca49dd7debe6,SeqQA,PCR-gene-gibssmaprimers-v1-public,reserve,437,False
46cf2169-40c3-4d95-830a-05ac676817d8,SeqQA,ORF-seq-numlen-v1-public,reserve,438,False
17c1825c-9fd2-4c7a-9dfe-bb9dd065a5e8,SeqQA,PCR-seq-enzprimers-v1-public,reserve,439,False
acc6db25-82e8-48db-8ec0-554638d2e3bb,SeqQA,ORF-transeff-v1-public,reserve,440,False
c760d4f7-d18f-42e2-9864-e25788367b5e,SeqQA,ORF-seq-numlen-v1-public,reserve,441,False
73527875-12de-4fd9-8db6-2852fd114fc5,SeqQA,RE-seq-numfrags-v1-public,reserve,442,False
0bf548d4-dc9f-474a-b8c4-61990ce914a8,SeqQA,PCR-primers-len-v1-public,reserve,443,False
3c801cfe-abd3-429a-ab3a-c68867381e39,SeqQA,PCR-seq-enzprimers-v1-public,reserve,444,False
da61a94f-1122-4bf0-8671-6888766d5427,SeqQA,PCR-gene-enzprimers-v1-public,reserve,445,False
2c3e8956-708f-4e93-bb98-ca4a6d7a4dc0,SeqQA,PCR-gene-gibshindprimers-v1-public,reserve,446,False
dd72d2c9-3e4e-401b-9da9-0fb1cd7f03a2,SeqQA,ORF-seq-numlen-v1-public,reserve,447,False
c8f308d8-be52-4b72-bab3-c01d797a8ab4,SeqQA,PCR-seq-primers-v1-public,reserve,448,False
085e5fbd-cead-4dcc-8976-0b84f542cc51,SeqQA,PCR-len-primers-v1-public,reserve,449,False
81265ca7-7d16-4156-9d37-ea5580580b84,SeqQA,RE-seq-lenfrags-v1-public,reserve,450,False
70a336ff-90d7-4de8-9dcc-27963813a33f,SeqQA,PCR-gene-enzprimers-v1-public,reserve,451,False
d4bd8e9b-4684-46e5-ac88-fd55cd0205af,SeqQA,PCR-seq-enzprimers-v1-public,reserve,452,False
59998bf7-8d31-4fdc-88b4-0d7b46a86d2b,SeqQA,PCR-gene-gibssmaprimers-v1-public,reserve,453,False
cebf9adf-64ca-455f-b57f-4c90958ab3ea,SeqQA,PCR-gene-gibshindprimers-v1-public,reserve,454,False
21efb3b8-695d-422f-9581-2004f48d9509,SeqQA,PCR-geneprimers-enz-v1-public,reserve,455,False
2c65025e-7249-423e-a9cc-82cfb7e45125,SeqQA,PCR-gene-gibssmaprimers-v1-public,reserve,456,False
ae18b162-785c-4906-bdb9-292c22fb9f14,SeqQA,PCR-seq-enzprimers-v1-public,reserve,457,False
679691a7-2b52-4e76-bb23-89774a8fa4f4,SeqQA,ORF-seq-numlen-v1-public,reserve,458,False
df84ec65-5c9e-4864-9e9f-f7aa2b25e5c8,SeqQA,ORF-seq-AAseq-v1-public,reserve,459,False
f4f9dc42-89ab-4435-ba8a-a5d7f83dcb5c,SeqQA,Prop-seq-gcpercent-v1-public,reserve,460,False
b1d7dc70-258b-4b7c-8e6f-a5414f09723c,SeqQA,ORF-transeff-v1-public,reserve,461,False
c23432f6-371d-4c06-85fb-adcea90c19df,SeqQA,PCR-geneprimers-enz-v1-public,reserve,462,False
c6716319-d32e-4da9-a6bb-6d6a768c3400,SeqQA,ORF-seq-AAseq-v1-public,reserve,463,False
8c10507e-121d-4ebc-964d-4bf6e1a0f4b4,SeqQA,PCR-gene-gibssmaprimers-v1-public,reserve,464,False
8235ad22-a87f-43c0-aafa-ead1af330e74,SeqQA,PCR-geneprimers-enz-v1-public,reserve,465,False
91b41824-de09-4690-8b84-c92e8d1e7a4c,SeqQA,RE-seq-lenfrags-v1-public,reserve,466,False
d6d2c32a-6a70-4f2a-9334-1c58310536a6,SeqQA,PCR-len-primers-v1-public,reserve,467,False
4755cadf-00e1-47f0-876d-cee818bdabd4,SeqQA,PCR-gene-enzprimers-v1-public,reserve,468,False
00a4c679-8038-4898-beed-8717ff5c8874,SeqQA,Prop-seq-gcpercent-v1-public,reserve,469,False
2f10e300-5405-4784-8403-82653fb53959,SeqQA,PCR-gene-gibssmaprimers-v1-public,reserve,470,False
bc18bffe-11a0-4571-a7cf-a36b15c019b5,SeqQA,ORF-seq-AAseq-v1-public,reserve,471,False
df6f878a-8bed-4490-b0bf-20eb80f196f2,SeqQA,ORF-seq-AAid-v1-public,reserve,472,False
6d290f93-5cad-451a-8ed3-aeca853fccf8,SeqQA,RE-seq-numfrags-v1-public,reserve,473,False
9e144de4-f45a-472f-9f51-e1351a17cb84,SeqQA,PCR-gene-enzprimers-v1-public,reserve,474,False
94ca9d6a-26a0-447b-9c11-467762ad34b3,SeqQA,PCR-len-primers-v1-public,reserve,475,False
3ec1885c-5e4a-4061-98ed-491b908dc233,SeqQA,PCR-gene-gibssmaprimers-v1-public,reserve,476,False
1926ff06-f9d8-48f8-8101-1bc3b2c8dcd1,SeqQA,PCR-len-primers-v1-public,reserve,477,False
6ab48b3c-31af-41cb-bd6a-de9a6bc19f15,SeqQA,PCR-seq-primers-v1-public,reserve,478,False
48194af0-b597-4f6b-8fff-c0d3075071c6,SeqQA,ORF-transeff-v1-public,reserve,479,False
8ffc477f-a0cb-4038-b7f1-ee9ae9c841df,SeqQA,RE-seq-lenfrags-v1-public,reserve,480,False
d948ad84-dbf5-4e7a-8916-8b9104305566,SeqQA,ORF-transeff-v1-public,reserve,481,False
c85033eb-25f9-4c02-b2d4-daaf6e36adfb,SeqQA,ORF-transeff-v1-public,reserve,482,False
77fd661f-140b-488d-b5a9-ffa2c37d277c,SeqQA,RE-seq-numfrags-v1-public,reserve,483,False
edc8f52b-2054-4ed3-9d8a-1263966e39cb,SeqQA,PCR-gene-enzprimers-v1-public,reserve,484,False
64c5e31b-5b98-494a-92a7-1019723204d6,SeqQA,Prop-seq-gcpercent-v1-public,reserve,485,False
7c7c542c-0758-480b-bb52-af895766c679,SeqQA,PCR-primers-len-v1-public,reserve,486,False
855909f2-8dfd-4439-9a63-47642b04a171,SeqQA,PCR-seq-enzprimers-v1-public,reserve,487,False
3eafe1cd-3caf-4e06-ad36-cae1f653d5ff,SeqQA,ORF-seq-AAid-v1-public,reserve,488,False
45006824-15bb-4928-95ea-a4c19b6408b0,SeqQA,ORF-seq-AAid-v1-public,reserve,489,False
632fe02e-409b-4316-b622-5b9fb8c206fa,SeqQA,PCR-seq-primers-v1-public,reserve,490,False
1e326e4c-6da8-40e8-ae89-82371a44d9d4,SeqQA,ORF-transeff-v1-public,reserve,491,False
53c8674c-93f2-47eb-b9e4-0c57b93921c3,SeqQA,ORF-seq-numlen-v1-public,reserve,492,False
86862643-fec5-4b5c-8304-74feecc65cb7,SeqQA,PCR-gene-enzprimers-v1-public,reserve,493,False
05cb64a3-16a4-4e3e-b3fe-19cf4c47e008,SeqQA,ORF-seq-numlen-v1-public,reserve,494,False
765fe025-beca-4c14-8eb3-c1cd8c20cbce,SeqQA,ORF-transeff-v1-public,reserve,495,False
f7fccdae-fa55-4dbc-a01c-25cd590d8abb,SeqQA,PCR-gene-gibssmaprimers-v1-public,reserve,496,False
047ea55d-bb32-4aac-95fb-dcac395e4b45,SeqQA,PCR-primers-len-v1-public,reserve,497,False
b0fe709d-7b80-46b1-affd-08763b6f590d,SeqQA,PCR-gene-enzprimers-v1-public,reserve,498,False
f1c9c933-7b85-40b5-88e4-60c18a503265,SeqQA,PCR-seq-primers-v1-public,reserve,499,False
7275445e-1b66-40c7-96d8-2f30dccc4750,SeqQA,PCR-seq-enzprimers-v1-public,reserve,500,False
ffe4183d-c02e-4e72-8b06-162ab984735a,SeqQA,RE-seq-numfrags-v1-public,reserve,501,False
5f5539ba-f75d-4d1b-ba8c-46828a6f6743,SeqQA,ORF-transeff-v1-public,reserve,502,False
934eac94-2b6c-491f-9326-ca7ac52f669c,SeqQA,PCR-seq-enzprimers-v1-public,reserve,503,False
02a05f18-96ca-4fc7-9301-415b45b4c9ab,SeqQA,ORF-seq-AAseq-v1-public,reserve,504,False
29483ce9-55aa-4fab-a461-bb741232d9f7,SeqQA,RE-seq-lenfrags-v1-public,reserve,505,False
b2e42042-2590-4564-ab23-961ef7adea2f,SeqQA,ORF-seq-AAid-v1-public,reserve,506,False
bafdd3e4-61b0-4693-8eb3-42b44ffb7ea2,SeqQA,RE-seq-lenfrags-v1-public,reserve,507,False
f3fc1706-821a-47a2-a102-45538c0d1869,SeqQA,PCR-len-primers-v1-public,reserve,508,False
e4b64632-4d9f-48bb-86bd-888bc90b32fd,SeqQA,PCR-gene-gibshindprimers-v1-public,reserve,509,False
dd6291b9-a008-4f39-a362-47fbf01eaf4d,SeqQA,PCR-seq-primers-v1-public,reserve,510,False
3d2af49e-97ae-404d-ae60-ec6124dea91f,SeqQA,PCR-geneprimers-enz-v1-public,reserve,511,False
b3cae458-1098-45ea-b9ab-c72015b8a660,SeqQA,ORF-seq-AAseq-v1-public,reserve,512,False
61a4b97d-23d6-4997-8e66-f725b1a7f188,SeqQA,PCR-seq-enzprimers-v1-public,reserve,513,False
763f5c4e-01e1-4018-a241-86cbbdcb9b2a,SeqQA,RE-seq-numfrags-v1-public,reserve,514,False
2defcddf-dc8a-4005-ab30-cba723d7179f,SeqQA,PCR-gene-gibssmaprimers-v1-public,reserve,515,False
479810f6-ee2b-488d-b478-2542e518923b,SeqQA,PCR-seq-primers-v1-public,reserve,516,False
93f5ccb7-9601-4a19-b976-65db80d2ade7,SeqQA,PCR-seq-enzprimers-v1-public,reserve,517,False
88581817-1826-40e3-a862-870c4918ab63,SeqQA,ORF-seq-AAseq-v1-public,reserve,518,False
159eabd8-655c-408c-af49-753070ad9fd8,SeqQA,PCR-len-primers-v1-public,reserve,519,False
c59aa0ee-743b-46ac-ae84-f6984f3a0bc6,SeqQA,PCR-geneprimers-enz-v1-public,reserve,520,False
ee84f283-1ca1-457c-ae65-8b043f4c29d9,SeqQA,PCR-gene-gibshindprimers-v1-public,reserve,521,False
148c4436-230e-488b-be1c-90a4cc1d3c80,SeqQA,ORF-seq-AAseq-v1-public,reserve,522,False
af4c8804-b2ec-44d9-ae46-bf143e9a8d3d,SeqQA,ORF-seq-AAid-v1-public,reserve,523,False
eb674c15-1125-4352-b391-d309307a56c1,SeqQA,ORF-transeff-v1-public,reserve,524,False
e97b47dd-0c30-4e6b-85f1-2415e4f713b4,SeqQA,PCR-gene-gibssmaprimers-v1-public,reserve,525,False
2e2e8344-d190-446f-8d57-385daaad39cf,SeqQA,RE-seq-lenfrags-v1-public,reserve,526,False
705da22c-cb6a-4f88-a20f-8791df57d96c,SeqQA,PCR-gene-gibssmaprimers-v1-public,reserve,527,False
99b7a59e-8a8e-4748-b97c-d1ebcd458ccb,SeqQA,PCR-seq-primers-v1-public,reserve,528,False
6678765a-3f3c-4320-8bdb-cd69a7ede0f2,SeqQA,PCR-primers-len-v1-public,reserve,529,False
fa85c316-be0a-493a-bc6e-41adbda100ca,SeqQA,PCR-seq-primers-v1-public,reserve,530,False
9832e74d-802b-4c58-83b1-7009426011de,SeqQA,PCR-gene-gibshindprimers-v1-public,reserve,531,False
1cd8f366-7c65-4182-8930-bf49ac1e96be,SeqQA,ORF-seq-numlen-v1-public,reserve,532,False
72e520be-a431-4f00-8178-8d7210d94fd7,SeqQA,PCR-gene-enzprimers-v1-public,reserve,533,False
04ea4c0b-4c10-4b13-813b-b4078e73a709,SeqQA,RE-seq-lenfrags-v1-public,reserve,534,False
c0477a43-f8a3-4eb7-831b-142f2821f702,SeqQA,ORF-seq-numlen-v1-public,reserve,535,False
a4e4dd53-e7e5-46fc-b3fa-fe64bf1ce186,SeqQA,Prop-seq-gcpercent-v1-public,reserve,536,False
2da24e7a-1032-4dec-b913-6df3ed3bf7a4,SeqQA,PCR-len-primers-v1-public,reserve,537,False
76898577-768c-4e26-8c81-968fb26f7f65,SeqQA,PCR-primers-len-v1-public,reserve,538,False
41fe5a54-f984-4d4e-bfca-493efcef84aa,SeqQA,PCR-seq-primers-v1-public,reserve,539,False
2f013b1b-1914-41ce-a2c6-7636ffe78cce,SeqQA,PCR-gene-gibssmaprimers-v1-public,reserve,540,False
6052fa17-a588-4c65-a829-577594da7774,SeqQA,RE-seq-numfrags-v1-public,reserve,541,False
91235f1e-68b0-4552-a767-6473ded1e88f,SeqQA,PCR-gene-gibshindprimers-v1-public,reserve,542,False
3bed5cff-c1a5-499f-aef5-ee265f9a5c30,SeqQA,PCR-seq-primers-v1-public,reserve,543,False
23ff5d76-35f8-477b-a0e3-de6679cb314c,SeqQA,Prop-seq-gcpercent-v1-public,reserve,544,False
6c208918-df81-4793-bd0d-f11556f0f43f,SeqQA,PCR-seq-primers-v1-public,reserve,545,False
0c3c86dc-4f93-4be8-93bd-f22ab8509c9e,SeqQA,PCR-primers-len-v1-public,reserve,546,False
3b2ffa69-adf6-4871-8dcb-0d2ba565836c,SeqQA,PCR-primers-len-v1-public,reserve,547,False
d52cae21-1b81-4674-8e93-9dd5ccaf8af9,SeqQA,Prop-seq-gcpercent-v1-public,reserve,548,False
bc096b87-2be7-4b14-be5f-4ad57866506e,SeqQA,ORF-seq-AAseq-v1-public,reserve,549,False
c0f530dd-ca31-4bcb-86cb-93b7b5523bf7,SeqQA,RE-seq-numfrags-v1-public,reserve,550,False
8096b052-17e8-4d7f-b0c3-3d697656a479,SeqQA,PCR-gene-gibssmaprimers-v1-public,reserve,551,False
db8f6910-90ed-458c-9d5a-ebc4fe51b98e,SeqQA,PCR-geneprimers-enz-v1-public,reserve,552,False
e59f2058-c73b-47c2-8777-6b7df3a95802,SeqQA,Prop-seq-gcpercent-v1-public,reserve,553,False
2c6c4557-e77e-4e67-b1e9-432cb0d9ac3e,SeqQA,PCR-gene-gibshindprimers-v1-public,reserve,554,False
a96621b5-390e-474c-9087-5957e671704d,SeqQA,RE-seq-lenfrags-v1-public,reserve,555,False
0e015a71-1fb8-4c68-813f-84051cbb0ec2,SeqQA,ORF-seq-numlen-v1-public,reserve,556,False
64411ba4-b48a-4c76-a7f6-d2c8f2bb17d5,SeqQA,PCR-gene-gibshindprimers-v1-public,reserve,557,False
e719b21a-f47b-4a63-9a40-e192fa83358f,SeqQA,ORF-seq-AAid-v1-public,reserve,558,False
9db6ef72-fa9d-4e20-a54b-9b8e53b86bbf,SeqQA,ORF-seq-AAid-v1-public,reserve,559,False
78b23d13-8f64-427a-8a7a-0ed8459a8c15,SeqQA,Prop-seq-gcpercent-v1-public,reserve,560,False
e692585d-f100-4f9f-aa49-ad701acd2870,SeqQA,PCR-gene-gibssmaprimers-v1-public,reserve,561,False
ce072c8c-f7ee-4e26-a1c3-ea68d0dec5d7,SeqQA,ORF-seq-AAid-v1-public,reserve,562,False
f1458a52-e1f7-4963-8255-38d5f5367d3b,SeqQA,PCR-gene-enzprimers-v1-public,reserve,563,False
e5b8787e-e272-426b-969d-44b963d78d2c,SeqQA,PCR-gene-gibssmaprimers-v1-public,reserve,564,False
37776f2a-9885-41b8-9876-8335b2cbee9d,SeqQA,RE-seq-lenfrags-v1-public,reserve,565,False
0c1029f6-7751-4f7b-8f5d-409e4641dc4c,SeqQA,ORF-transeff-v1-public,reserve,566,False
fcdd20b4-51a6-41ac-bc92-ee64fb9501e1,SeqQA,ORF-seq-AAid-v1-public,reserve,567,False
10166129-5cc3-438a-ad57-63c938a54906,SeqQA,ORF-seq-AAseq-v1-public,reserve,568,False
14359bda-1a3d-4fea-bd11-bf8ea69d2f7e,SeqQA,ORF-seq-AAid-v1-public,reserve,569,False
01b60537-62a6-463b-ad6b-d59621eaf12f,SeqQA,PCR-geneprimers-enz-v1-public,reserve,570,False
9c8de73e-28a8-4d64-81b8-58b6dea9813b,SeqQA,PCR-seq-enzprimers-v1-public,reserve,571,False
87b42c2f-5baa-4407-a3f0-57d07dcc12c4,SeqQA,ORF-seq-AAid-v1-public,reserve,572,False
ca7eb3d2-acbb-42db-9642-f058ee42ab46,SeqQA,PCR-gene-enzprimers-v1-public,reserve,573,False
1874ebb3-c4e4-4fe6-ae06-dac0bda28638,SeqQA,ORF-seq-AAid-v1-public,reserve,574,False
775eadbe-fbbd-42a4-8f88-a8f435cc5dc0,SeqQA,PCR-geneprimers-enz-v1-public,reserve,575,False
1bca9be7-cc8c-4a3c-8bdf-1714f8819457,SeqQA,Prop-seq-gcpercent-v1-public,reserve,576,False
bc3c3ae7-8ac5-43c9-8484-d1ff951f0317,SeqQA,PCR-geneprimers-enz-v1-public,reserve,577,False
0a85024f-909b-448f-b4f1-043689f6ce82,SeqQA,Prop-seq-gcpercent-v1-public,reserve,578,False
e3b2eebc-5645-4a52-8b39-bdd69692f580,SeqQA,PCR-seq-primers-v1-public,reserve,579,False
74272290-905f-439d-851b-f0f3238d20c1,SeqQA,RE-seq-numfrags-v1-public,reserve,580,False
dc3ab7ad-6f73-4f6c-be81-5e26d939e337,SeqQA,PCR-gene-gibssmaprimers-v1-public,reserve,581,False
3278da51-c845-497b-ae18-60e794e04c06,SeqQA,PCR-seq-primers-v1-public,reserve,582,False
e54dc41d-871a-41d5-90a9-94bc1d179016,SeqQA,PCR-len-primers-v1-public,reserve,583,False
71736391-2714-4e47-940f-1d37d7980da2,SeqQA,PCR-seq-enzprimers-v1-public,reserve,584,False
1ac7c9a3-98d3-46d2-8e51-4014a0dea1cb,SeqQA,ORF-transeff-v1-public,reserve,585,False
1b177af8-4388-4acf-af52-3814ef021711,SeqQA,ORF-seq-AAseq-v1-public,reserve,586,False
e673fe4c-e776-45ab-9821-7e77eaee0c53,SeqQA,PCR-geneprimers-enz-v1-public,reserve,587,False
463405ac-037b-45db-a322-e6fc94de9a67,SeqQA,ORF-seq-AAid-v1-public,reserve,588,False
a2f114c2-c8b2-495c-9792-11dd7f624023,SeqQA,PCR-seq-primers-v1-public,reserve,589,False
4a0642bf-1c4d-42e5-a1fe-5de1fa9d5bb5,SeqQA,ORF-seq-numlen-v1-public,reserve,590,False
d1b4ac9f-880c-4283-b423-b341dd0c0d83,SeqQA,RE-seq-numfrags-v1-public,reserve,591,False
2385a4c6-8bad-4c00-8e93-8feb71528f7d,SeqQA,PCR-gene-gibssmaprimers-v1-public,reserve,592,False
20501fe6-a45c-48be-ae8f-0ae11db5e358,SeqQA,PCR-primers-len-v1-public,reserve,593,False
c61082a2-2c8c-4244-b09e-5e0a0dc314f9,SeqQA,RE-seq-lenfrags-v1-public,reserve,594,False
ce616538-3c4f-48a5-8e3a-b383f6e76de0,SeqQA,PCR-seq-primers-v1-public,reserve,595,False
9e8b6c41-95c2-4f36-b4ad-e9c7ff11cf3e,SeqQA,PCR-primers-len-v1-public,reserve,596,False
e17c556b-0ec2-402a-8366-41e141722e47,DbQA,dga_task-v1-public,pilot,0,False
e5d4206b-cef5-4d65-936f-c17c1b6487d2,DbQA,mouse_tumor_gene_sets-v1-public,pilot,1,False
fd7173d0-4f31-4f02-8e60-f3054f0ac2ff,DbQA,variant_multi_sequence_task-v1-public,main,2,True
bedd4cd8-a6d8-4846-9e9b-d43c40532f2d,DbQA,variant_multi_sequence_task-v1-public,main,3,True
3d0d8005-def1-4a08-be64-8a591c724a22,DbQA,variant_from_sequence_task-v1-public,main,4,True
183c2eb3-3f74-4d91-afd8-a34c2e698aa1,DbQA,mouse_tumor_gene_sets-v1-public,main,5,True
ce5d6351-dbdf-4640-a33a-e1186a823d2b,DbQA,tfbs_GTRD_task-v1-public,main,6,True
d7aa4134-3dcf-4130-8596-041af2f3ed5b,DbQA,variant_from_sequence_task-v1-public,main,7,True
ef4bf168-5c7c-476c-be4b-8301fa04d72f,DbQA,variant_multi_sequence_task-v1-public,main,8,True
5cb4a247-a6c4-4713-b9e5-cae796b3d7ca,DbQA,variant_multi_sequence_task-v1-public,main,9,True
3e5c66ac-14d8-4701-9423-5b21a2541086,DbQA,viral_ppi_task-v1-public,main,10,True
9c14b1fe-72e0-49b9-95b1-feef245cea0d,DbQA,dga_task-v1-public,main,11,True
959e24de-f6c1-479d-9c8b-c4d1318e1812,DbQA,viral_ppi_task-v1-public,main,12,True
95795ee7-e328-4c61-af4d-365661d31975,DbQA,oncogenic_signatures_task-v1-public,main,13,True
fa7968cc-5fbd-4ebe-8206-6e31cdb23a9a,DbQA,mirna_targets_task-v1-public,main,14,True
a3169de2-b128-4c97-9d48-8fbac281b73d,DbQA,mirna_targets_task-v1-public,main,15,True
e04e7c93-19be-4e5c-9592-716bdc23b935,DbQA,tfbs_GTRD_task-v1-public,main,16,True
0586555e-6979-4330-b247-faf261197628,DbQA,mirna_targets_task-v1-public,main,17,False
79f85935-33cd-49a5-8397-cfc22c000319,DbQA,variant_multi_sequence_task-v1-public,main,18,False
4398bf0d-62f8-4a35-9c64-b77f92bac7c1,DbQA,viral_ppi_task-v1-public,main,19,False
38bfcf80-97cc-4719-989a-2696214f8c29,DbQA,variant_from_sequence_task-v1-public,main,20,False
f116e36e-a926-46af-b970-47a182d2680d,DbQA,variant_from_sequence_task-v1-public,main,21,False
1bccbf34-5011-43cb-9e38-e65328805dc2,DbQA,mouse_tumor_gene_sets-v1-public,main,22,False
1d156edf-a955-4732-a7dc-d77c6f590bc2,DbQA,tfbs_GTRD_task-v1-public,main,23,False
a571bd8e-5672-40b7-9fb1-bff854a907d9,DbQA,tfbs_GTRD_task-v1-public,main,24,False
04fe6f2b-73ec-4d63-8bde-9a20d6b1715f,DbQA,oncogenic_signatures_task-v1-public,main,25,False
2c19f1ab-7ab6-40fa-a5fa-174f745b6bc2,DbQA,variant_from_sequence_task-v1-public,main,26,False
9ca5569d-21d0-4c46-b2f8-7cbeba0a73c6,DbQA,mirna_targets_task-v1-public,main,27,False
70015574-0671-4f30-8a10-b24017d2ade5,DbQA,dga_task-v1-public,main,28,False
e1f8fa00-1420-4c8b-974b-310edf54a63c,DbQA,viral_ppi_task-v1-public,main,29,False
a4b43b64-ed28-4220-b5af-8f65f6bb9f40,DbQA,viral_ppi_task-v1-public,main,30,False
73e01496-252b-402f-b9e9-28ac153e9df3,DbQA,variant_from_sequence_task-v1-public,main,31,False
5b370dc8-9117-49f4-a95b-601a72d81f87,DbQA,variant_multi_sequence_task-v1-public,reserve,32,False
620523ea-a683-4c93-b082-7b57f84d289b,DbQA,variant_multi_sequence_task-v1-public,reserve,33,False
869bcb6e-0051-4bcf-ad9a-41c5e2e487bf,DbQA,dga_task-v1-public,reserve,34,False
b1cf8542-ce24-4bb0-8655-043b2cf4d96a,DbQA,variant_multi_sequence_task-v1-public,reserve,35,False
243c205e-b940-4dcb-a3fc-72bff7142766,DbQA,mouse_tumor_gene_sets-v1-public,reserve,36,False
a5892ac6-4ba7-4479-9a58-f47b9dadbe21,DbQA,vax_response_task-v1-public,reserve,37,False
16d86938-0cd8-4a18-a2bd-29823b7f9e7e,DbQA,vax_response_task-v1-public,reserve,38,False
7a56c4b4-1876-4f82-94e7-9874ca30e3b6,DbQA,variant_multi_sequence_task-v1-public,reserve,39,False
5c04cfb4-bbaa-4bc8-8c78-5ef65e7e8077,DbQA,variant_multi_sequence_task-v1-public,reserve,40,False
7dd49b58-499a-4cea-9204-15267342b4fa,DbQA,dga_task-v1-public,reserve,41,False
784d6fb9-ae2a-4e29-8a6d-90f4ce784e65,DbQA,variant_from_sequence_task-v1-public,reserve,42,False
967529aa-bb35-46af-9b87-7b88d0990a1b,DbQA,dga_task-v1-public,reserve,43,False
80a8c666-fb7e-4491-8f25-0b19b5a63f9b,DbQA,mouse_tumor_gene_sets-v1-public,reserve,44,False
07cc5f3d-7a46-46ba-a097-2b4e4fc8d7ac,DbQA,variant_multi_sequence_task-v1-public,reserve,45,False
5178dd0f-92ea-4e6a-a298-c93008cc70c9,DbQA,dga_task-v1-public,reserve,46,False
fda787ca-bf13-4855-a567-e6afb4e9914e,DbQA,variant_from_sequence_task-v1-public,reserve,47,False
d54547c3-373b-4e87-885b-0f86483a7d19,DbQA,tfbs_GTRD_task-v1-public,reserve,48,False
06115fea-23a0-40fb-b088-6ab711311e78,DbQA,variant_multi_sequence_task-v1-public,reserve,49,False
b106a538-f330-4877-9c38-e21e5620253a,DbQA,mouse_tumor_gene_sets-v1-public,reserve,50,False
f894e47f-5c2f-4133-bfec-1a98d48b2ca0,DbQA,variant_multi_sequence_task-v1-public,reserve,51,False
bf5d840d-9a83-4473-a3ee-08a283685bdd,DbQA,variant_multi_sequence_task-v1-public,reserve,52,False
f0fb3cd5-f6e2-4c90-9c41-013380f75d58,DbQA,variant_from_sequence_task-v1-public,reserve,53,False
64a88d0f-a9eb-4353-8e71-83bba8f3908e,DbQA,gene_location_task-v1-public,reserve,54,False
d6043336-4d83-4f6d-9c10-33f450215811,DbQA,mouse_tumor_gene_sets-v1-public,reserve,55,False
ece9ffa0-164c-4c01-8ba2-33d7f0e78878,DbQA,variant_from_sequence_task-v1-public,reserve,56,False
760f8300-1ca2-4e47-b435-77ecffb24b53,DbQA,variant_multi_sequence_task-v1-public,reserve,57,False
6caa5ca6-8a2a-4180-8013-235edcbd2964,DbQA,variant_from_sequence_task-v1-public,reserve,58,False
a7ad2fbc-9f27-48ff-b6f0-c57db7b764da,DbQA,tfbs_GTRD_task-v1-public,reserve,59,False
7ce66aac-20dc-4997-ae3f-172d4c638263,DbQA,mouse_tumor_gene_sets-v1-public,reserve,60,False
5a8c9b86-cad2-47e1-bcaf-814fea5481fe,DbQA,variant_from_sequence_task-v1-public,reserve,61,False
8de75104-1f03-4f21-bd26-a22dc6899a03,DbQA,vax_response_task-v1-public,reserve,62,False
2e81c82f-82b0-4791-8a63-ae4e430df3e1,DbQA,mouse_tumor_gene_sets-v1-public,reserve,63,False
19a65cd6-6338-439e-95e3-d15d0f1efc0b,DbQA,variant_from_sequence_task-v1-public,reserve,64,False
968e76f2-88f8-403e-b628-a15f41bf3bfc,DbQA,mouse_tumor_gene_sets-v1-public,reserve,65,False
68cf6789-dbda-4e2d-9f30-990c1b200792,DbQA,variant_from_sequence_task-v1-public,reserve,66,False
0ddf5a90-e8dc-48f4-8a20-2caf8bed13a6,DbQA,oncogenic_signatures_task-v1-public,reserve,67,False
9770c7c5-bfab-4ce7-aa5a-2b1b6959e26a,DbQA,viral_ppi_task-v1-public,reserve,68,False
cf84e46c-66c7-451b-9660-68b0335e5c90,DbQA,variant_from_sequence_task-v1-public,reserve,69,False
cb9692fb-e95d-469e-8c2e-146a118628af,DbQA,variant_from_sequence_task-v1-public,reserve,70,False
74c3ab6b-ff9d-4b98-8093-12267a1737e0,DbQA,mirna_targets_task-v1-public,reserve,71,False
4aea9093-2466-4db0-a707-47234638faf7,DbQA,gene_location_task-v1-public,reserve,72,False
b3fc0a7b-5c05-4ed1-a9f3-61ee68455745,DbQA,vax_response_task-v1-public,reserve,73,False
3e834859-cacb-4b36-8cd5-7a326e2ca60c,DbQA,oncogenic_signatures_task-v1-public,reserve,74,False
85c455a0-af91-4031-829a-355b4dd744b9,DbQA,variant_from_sequence_task-v1-public,reserve,75,False
be2f3876-95be-46af-96de-737b007ae573,DbQA,vax_response_task-v1-public,reserve,76,False
fa57ad0e-5fb7-4a5f-9032-f3eb8d130f03,DbQA,variant_from_sequence_task-v1-public,reserve,77,False
5dff18e0-0f43-4663-8135-4ba49395cb0b,DbQA,oncogenic_signatures_task-v1-public,reserve,78,False
272fb8c8-de01-47db-ac2a-75b5ff52529a,DbQA,variant_from_sequence_task-v1-public,reserve,79,False
b090c7ea-9400-4595-9383-757dd0b9763f,DbQA,vax_response_task-v1-public,reserve,80,False
e8848740-f0f0-42a7-aa9a-afb7fcca6bc1,DbQA,tfbs_GTRD_task-v1-public,reserve,81,False
38c50fe0-ea37-44f7-8c48-2a6364763b4d,DbQA,oncogenic_signatures_task-v1-public,reserve,82,False
9869b7d5-8e3e-41ba-93b4-aa54094b04c7,DbQA,viral_ppi_task-v1-public,reserve,83,False
7c108aea-dd45-4460-8a07-1845ba7d3212,DbQA,variant_multi_sequence_task-v1-public,reserve,84,False
d0ef18af-caba-44c3-a0e0-9a758798743d,DbQA,gene_location_task-v1-public,reserve,85,False
4cfdcc17-0cea-4bbd-b440-e2127f675405,DbQA,vax_response_task-v1-public,reserve,86,False
eefd5302-a89b-4829-b5a9-0f2acb755dc7,DbQA,variant_multi_sequence_task-v1-public,reserve,87,False
3eb40b8d-b777-4cf7-998d-e6cd51b7c3c5,DbQA,mouse_tumor_gene_sets-v1-public,reserve,88,False
6fc506a7-9a2e-4c41-9837-2a7396d640fa,DbQA,oncogenic_signatures_task-v1-public,reserve,89,False
d0c6a9a3-4de6-47ee-a525-66989374b1da,DbQA,variant_multi_sequence_task-v1-public,reserve,90,False
0cb5c321-11c1-41c0-88d0-a6afd0224f90,DbQA,gene_location_task-v1-public,reserve,91,False
f6ff903c-5704-4ce1-aa65-3644590c8f34,DbQA,vax_response_task-v1-public,reserve,92,False
21453b83-a5cc-403b-8975-ec8163783244,DbQA,viral_ppi_task-v1-public,reserve,93,False
67c12bf8-f80e-47df-8663-7c4d0c159b58,DbQA,variant_from_sequence_task-v1-public,reserve,94,False
76be0435-266d-4a10-a2e2-c9bbf195d26f,DbQA,variant_from_sequence_task-v1-public,reserve,95,False
503491fc-862d-41cf-81e5-9ebe929a30ca,DbQA,variant_from_sequence_task-v1-public,reserve,96,False
7529910a-29be-422c-9389-9c62f67a1c0a,DbQA,gene_location_task-v1-public,reserve,97,False
dcf50827-8b61-4a17-8d85-2e3bb0af0e2a,DbQA,dga_task-v1-public,reserve,98,False
c1df4a98-147f-419b-9a78-c47977e17486,DbQA,oncogenic_signatures_task-v1-public,reserve,99,False
7827cf73-61aa-4c5e-8496-e9a5574fd76c,DbQA,oncogenic_signatures_task-v1-public,reserve,100,False
d5fb8db9-6de2-436c-8a55-ea2d959e8f50,DbQA,oncogenic_signatures_task-v1-public,reserve,101,False
d35f07ee-d50e-4827-9e63-aea173809a46,DbQA,dga_task-v1-public,reserve,102,False
c1c5d431-1f23-4eac-ac84-7d185e788ea9,DbQA,mouse_tumor_gene_sets-v1-public,reserve,103,False
1cb80332-4b42-41c9-8c39-8ab2db3fd09b,DbQA,variant_multi_sequence_task-v1-public,reserve,104,False
21f68c28-a60a-4ac4-af35-5769614c082d,DbQA,vax_response_task-v1-public,reserve,105,False
ff7c0949-f16d-48f7-9744-33bfdc7bb090,DbQA,dga_task-v1-public,reserve,106,False
44de64da-6379-40af-b907-ae764a8c8740,DbQA,variant_multi_sequence_task-v1-public,reserve,107,False
b08c5d21-f3ea-43fd-8c38-6cec81cae612,DbQA,mouse_tumor_gene_sets-v1-public,reserve,108,False
3c5e947d-46b6-46fe-8732-1d7272ca8759,DbQA,mouse_tumor_gene_sets-v1-public,reserve,109,False
6fed4d96-755f-405d-9db2-4ab8dbcf8b52,DbQA,variant_from_sequence_task-v1-public,reserve,110,False
81eb4056-86e4-4c06-b281-e70e2e33fe68,DbQA,variant_from_sequence_task-v1-public,reserve,111,False
fbc22ad9-785a-4f25-b790-57ff3593926b,DbQA,gene_location_task-v1-public,reserve,112,False
bc678c93-f07b-4c44-a721-d23cbf48e581,DbQA,oncogenic_signatures_task-v1-public,reserve,113,False
100d2da8-537d-48b3-9b75-8d4c561283aa,DbQA,viral_ppi_task-v1-public,reserve,114,False
804dfc31-f0f0-4af0-ae5b-307d10901722,DbQA,variant_multi_sequence_task-v1-public,reserve,115,False
95241b62-f8bf-4336-b160-2d51f2491413,DbQA,variant_from_sequence_task-v1-public,reserve,116,False
2172fa38-8e16-4f62-b936-84dac15794cf,DbQA,mirna_targets_task-v1-public,reserve,117,False
6e503f8c-328d-493d-a4d9-7876574be6ad,DbQA,oncogenic_signatures_task-v1-public,reserve,118,False
ff8d1a92-14fc-4c05-8986-e507c07ecb71,DbQA,variant_multi_sequence_task-v1-public,reserve,119,False
02a0cb49-6a28-47b0-9bc3-4311640a9f00,DbQA,vax_response_task-v1-public,reserve,120,False
6e71f9d4-b713-4b9b-8425-0ee9a354f6dc,DbQA,gene_location_task-v1-public,reserve,121,False
9d7eeeea-1085-4f15-96f6-cf6faca98832,DbQA,oncogenic_signatures_task-v1-public,reserve,122,False
c99f4ebc-7cfb-41eb-aff9-4a96f0e02dd4,DbQA,variant_from_sequence_task-v1-public,reserve,123,False
624d0437-1c22-42ef-a3bc-ce8e00aee6a2,DbQA,variant_from_sequence_task-v1-public,reserve,124,False
95c27697-9a0c-4cbb-a0d7-6b863b10458c,DbQA,dga_task-v1-public,reserve,125,False
013805c0-a3fc-4cb9-b038-7ac6ed37cfe6,DbQA,mouse_tumor_gene_sets-v1-public,reserve,126,False
d71fdd87-ee3f-4c3f-8988-8058062b6860,DbQA,vax_response_task-v1-public,reserve,127,False
17088f26-4c19-4049-a669-6c86f17b0834,DbQA,variant_multi_sequence_task-v1-public,reserve,128,False
8f5745ba-4dca-4776-a1c1-4f55ae4b6ecd,DbQA,viral_ppi_task-v1-public,reserve,129,False
6efb0f2a-a362-4b8b-8d0f-680c731e3e70,DbQA,mouse_tumor_gene_sets-v1-public,reserve,130,False
de35f777-fd4b-4c69-9bd0-d0501ead23e3,DbQA,mouse_tumor_gene_sets-v1-public,reserve,131,False
914bceb5-f10c-4e72-aea1-c9da613b92b8,DbQA,dga_task-v1-public,reserve,132,False
bc2acb68-69a7-4bbe-9b62-3f4b6ddec8ad,DbQA,viral_ppi_task-v1-public,reserve,133,False
25d6bcd7-1890-4798-8bdf-c78d7e08f8b8,DbQA,gene_location_task-v1-public,reserve,134,False
b5e7055c-797c-4ce9-b8a4-2bf8a3cdcc5f,DbQA,variant_from_sequence_task-v1-public,reserve,135,False
be9beb22-6594-4f70-a6e8-55759fb557d5,DbQA,dga_task-v1-public,reserve,136,False
b2722367-9f95-42b1-9f93-9656ec0bfff1,DbQA,mirna_targets_task-v1-public,reserve,137,False
c7c4edfa-b883-4cac-82af-bc9cf1877cbe,DbQA,oncogenic_signatures_task-v1-public,reserve,138,False
cb292df4-a287-42ca-9cdc-7cc2440ac05e,DbQA,tfbs_GTRD_task-v1-public,reserve,139,False
56c333bc-9d0c-49cd-9031-f974ffa36b6a,DbQA,gene_location_task-v1-public,reserve,140,False
1c1f7808-dc87-4bc0-a0e0-e86c386c1b59,DbQA,variant_multi_sequence_task-v1-public,reserve,141,False
ec4f6c11-3510-40c3-a0c2-6aa56f1d72cb,DbQA,variant_multi_sequence_task-v1-public,reserve,142,False
01238ca6-3a19-418f-baa7-66357f99be9e,DbQA,oncogenic_signatures_task-v1-public,reserve,143,False
9b59969e-83b8-4bc7-8b10-953f481aba9c,DbQA,viral_ppi_task-v1-public,reserve,144,False
22dad82e-2618-49d7-9ab1-aa7f6806b1ee,DbQA,variant_from_sequence_task-v1-public,reserve,145,False
52f0845f-c9cf-42dd-8ab7-61d0a99489f1,DbQA,variant_from_sequence_task-v1-public,reserve,146,False
162bf1d9-c9d3-4795-973e-640255f58d14,DbQA,variant_multi_sequence_task-v1-public,reserve,147,False
b2a32bae-6c4a-4bcf-8262-79c946ba08fc,DbQA,viral_ppi_task-v1-public,reserve,148,False
d789b1ff-082d-4390-8832-30626e8c18f3,DbQA,variant_from_sequence_task-v1-public,reserve,149,False
68b94c0c-b52c-4b7f-836f-40cb588e4507,DbQA,variant_multi_sequence_task-v1-public,reserve,150,False
6fd99ebb-8f45-468c-a26a-ceeb35055182,DbQA,variant_multi_sequence_task-v1-public,reserve,151,False
94fdf213-8ec9-4d11-8c7c-728c69d1e7e7,DbQA,vax_response_task-v1-public,reserve,152,False
a13af4dc-ef8e-4569-8bbb-c238cfb4d73b,DbQA,oncogenic_signatures_task-v1-public,reserve,153,False
e71100d1-92ec-4262-8482-c4e236ca3d66,DbQA,variant_multi_sequence_task-v1-public,reserve,154,False
e931e2b2-ed6a-4e83-b781-db221ff190b0,DbQA,dga_task-v1-public,reserve,155,False
3b710b98-5d54-4c30-a31d-ed0c910c8b03,DbQA,variant_multi_sequence_task-v1-public,reserve,156,False
b453d7f3-382d-4afa-8416-dd3042312ee0,DbQA,tfbs_GTRD_task-v1-public,reserve,157,False
74f0f10c-0a2a-4d47-9308-c3ceb3f7d5c8,DbQA,viral_ppi_task-v1-public,reserve,158,False
89fed08f-8565-4f67-827b-9325f38cff4a,DbQA,gene_location_task-v1-public,reserve,159,False
136d478f-4576-41a2-a8ee-77e115ce7b59,DbQA,viral_ppi_task-v1-public,reserve,160,False
32254953-b336-4478-9914-237485ab45f4,DbQA,gene_location_task-v1-public,reserve,161,False
daa4e697-8085-4cb4-9b96-55dacb14c887,DbQA,mirna_targets_task-v1-public,reserve,162,False
9db006e7-5aed-4b44-be89-91f7f2a7b89c,DbQA,viral_ppi_task-v1-public,reserve,163,False
fc9fcafc-c6bb-4c3e-a950-1acf062337b1,DbQA,variant_multi_sequence_task-v1-public,reserve,164,False
872da43c-2a54-498d-8046-b082b77b755d,DbQA,vax_response_task-v1-public,reserve,165,False
b2f23b04-ada6-4228-9852-1bd49edc3b3f,DbQA,mirna_targets_task-v1-public,reserve,166,False
f4147894-9169-40a3-a0cd-50622790bfe7,DbQA,oncogenic_signatures_task-v1-public,reserve,167,False
fba9900b-b314-446a-9a69-8cc95fdbbccf,DbQA,dga_task-v1-public,reserve,168,False
576edeb8-2cf8-450e-8f84-5b540346e983,DbQA,viral_ppi_task-v1-public,reserve,169,False
f983ecfc-57e3-4af8-882d-063b112e257d,DbQA,variant_from_sequence_task-v1-public,reserve,170,False
a1594903-453d-4126-8998-3ea32d5eecac,DbQA,mouse_tumor_gene_sets-v1-public,reserve,171,False
52633227-8b91-4550-86a6-78e6b7034e65,DbQA,variant_multi_sequence_task-v1-public,reserve,172,False
a87485dd-807d-4def-9e70-9682f224f46d,DbQA,oncogenic_signatures_task-v1-public,reserve,173,False
f9136be2-b4e6-4e47-bfd2-9cb648f69513,DbQA,variant_multi_sequence_task-v1-public,reserve,174,False
18e25cde-27b3-42b5-bca6-f640ec4dcfc7,DbQA,tfbs_GTRD_task-v1-public,reserve,175,False
c2ede898-0976-4a95-ba08-9cc68875868b,DbQA,vax_response_task-v1-public,reserve,176,False
16fa45dc-093b-42e7-b0b8-f080829f6f35,DbQA,mouse_tumor_gene_sets-v1-public,reserve,177,False
9ce7579d-543e-439d-af78-4c87f3f701d6,DbQA,oncogenic_signatures_task-v1-public,reserve,178,False
7e7a3993-59fd-47f1-9928-66e5148e229d,DbQA,mouse_tumor_gene_sets-v1-public,reserve,179,False
4f4746fc-0ed9-4c52-b6dc-c8c8a16f394a,DbQA,dga_task-v1-public,reserve,180,False
a6fe3ca5-08d0-4bf9-b194-1d294cfbd721,DbQA,tfbs_GTRD_task-v1-public,reserve,181,False
fc4820d6-a265-4b36-96db-f1eff9d54285,DbQA,variant_from_sequence_task-v1-public,reserve,182,False
95f7986e-9b14-404e-a246-ba7d53c24f38,DbQA,tfbs_GTRD_task-v1-public,reserve,183,False
ac7fddde-2631-467a-a32d-3db9d02c94d4,DbQA,tfbs_GTRD_task-v1-public,reserve,184,False
c0d1c448-9fc5-4744-8488-9cc0a0eac541,DbQA,tfbs_GTRD_task-v1-public,reserve,185,False
1816e2d2-a9ee-4134-bc84-0823440c78ea,DbQA,viral_ppi_task-v1-public,reserve,186,False
acb3a089-2011-42a7-982e-667fa36a11e7,DbQA,mirna_targets_task-v1-public,reserve,187,False
d7a4a578-ffd2-4942-8ee1-a2aefd97ab1c,DbQA,variant_from_sequence_task-v1-public,reserve,188,False
3beaf5b4-c348-4d57-80e2-a07bfbaa7df2,DbQA,variant_multi_sequence_task-v1-public,reserve,189,False
269c3c37-ff81-4596-89c4-f6d66e8b1dd0,DbQA,viral_ppi_task-v1-public,reserve,190,False
2616d09a-045b-4379-a261-2ffb670290cf,DbQA,mouse_tumor_gene_sets-v1-public,reserve,191,False
055485da-456c-4152-8c85-b3386f9524b1,DbQA,viral_ppi_task-v1-public,reserve,192,False
3b6116b5-91a7-422c-ab94-b9c3ab8d3969,DbQA,mouse_tumor_gene_sets-v1-public,reserve,193,False
9ad8854e-5e2a-45e0-9a1b-5eec7ea8bcff,DbQA,variant_multi_sequence_task-v1-public,reserve,194,False
91e56449-4e09-4f45-8cc5-82912e1ab89d,DbQA,mirna_targets_task-v1-public,reserve,195,False
1a198a80-1d78-4d00-bb09-5171b1c7f25c,DbQA,viral_ppi_task-v1-public,reserve,196,False
fec11ed9-ea38-489c-ae0f-a57dacaf47f6,DbQA,mirna_targets_task-v1-public,reserve,197,False
6d340c41-182a-4183-8d14-3debd401e4bc,DbQA,oncogenic_signatures_task-v1-public,reserve,198,False
717cab73-5c39-4653-ae75-f0937159bab0,DbQA,vax_response_task-v1-public,reserve,199,False
8f043091-4be9-4787-b551-74f99218eb08,DbQA,viral_ppi_task-v1-public,reserve,200,False
36d77484-d7f6-40be-acff-197d2e707267,DbQA,tfbs_GTRD_task-v1-public,reserve,201,False
6403a95b-35b6-4084-bd40-ba55ff4136a6,DbQA,variant_multi_sequence_task-v1-public,reserve,202,False
b661abfd-1b7f-479e-a536-77671c4f62da,DbQA,tfbs_GTRD_task-v1-public,reserve,203,False
21947569-8395-4f2e-9cab-5c54adbb4051,DbQA,mouse_tumor_gene_sets-v1-public,reserve,204,False
d49178fa-5eb0-4dc3-b459-6905bc730970,DbQA,viral_ppi_task-v1-public,reserve,205,False
eca619e0-9bf3-49c3-b70e-b7de9f2ed2dd,DbQA,mirna_targets_task-v1-public,reserve,206,False
130432a8-e388-48b0-87fa-424ca699653d,DbQA,mouse_tumor_gene_sets-v1-public,reserve,207,False
6ece278c-8efc-4ee5-ba66-5fba1705e2b5,DbQA,mirna_targets_task-v1-public,reserve,208,False
9df7e0fe-771e-428c-8d83-c0cef15bd0b4,DbQA,viral_ppi_task-v1-public,reserve,209,False
c4bbd90d-a0a5-4600-813a-e6f5d7592d6d,DbQA,mouse_tumor_gene_sets-v1-public,reserve,210,False
817c9d50-65c9-434b-8a72-42aac84f95f4,DbQA,mouse_tumor_gene_sets-v1-public,reserve,211,False
07c2c64d-c31d-4746-8c6f-0cfae5902536,DbQA,variant_from_sequence_task-v1-public,reserve,212,False
38271723-3413-469b-8ec7-f488b416fd8e,DbQA,mirna_targets_task-v1-public,reserve,213,False
f873cce9-b2a7-4ee0-ae82-6c8a2a5824fb,DbQA,viral_ppi_task-v1-public,reserve,214,False
a71c2c8f-98fa-4449-b9b9-ee17f6856e91,DbQA,gene_location_task-v1-public,reserve,215,False
ec003711-dc88-4059-b693-3111db0930d3,DbQA,mouse_tumor_gene_sets-v1-public,reserve,216,False
79cdbe61-4311-441e-8a50-f53b57390a6e,DbQA,variant_multi_sequence_task-v1-public,reserve,217,False
7f2f3bfb-a13f-4808-97b1-af1f1cfd62ed,DbQA,mirna_targets_task-v1-public,reserve,218,False
4417ac8d-c6b3-445d-8b97-c59034509b88,DbQA,gene_location_task-v1-public,reserve,219,False
efe293dd-d66d-4da5-af22-f0c1f97d0d07,DbQA,tfbs_GTRD_task-v1-public,reserve,220,False
953863f7-82fc-453e-bc22-1bcbc43bfc35,DbQA,mouse_tumor_gene_sets-v1-public,reserve,221,False
02a60f97-8024-401a-9e2d-0b212ac26e6a,DbQA,oncogenic_signatures_task-v1-public,reserve,222,False
9f1a2c31-4127-4e46-ba21-46b7996d00c8,DbQA,variant_multi_sequence_task-v1-public,reserve,223,False
901552e2-b5a0-4462-a68b-2796823dedee,DbQA,dga_task-v1-public,reserve,224,False
daf691e2-e300-4f14-8407-662c16b768f9,DbQA,dga_task-v1-public,reserve,225,False
08dd88d4-b500-49f0-a8a9-78c3ec243978,DbQA,vax_response_task-v1-public,reserve,226,False
1fcfe3f9-a128-47cc-bf4b-96a2d2e77e5a,DbQA,variant_multi_sequence_task-v1-public,reserve,227,False
42589b6e-d0c6-4520-a2d9-46057597abd5,DbQA,mirna_targets_task-v1-public,reserve,228,False
feb0a017-4534-4d21-912e-c2c72562386c,DbQA,mirna_targets_task-v1-public,reserve,229,False
990e1295-270d-4b42-a8c8-83171641bb19,DbQA,mirna_targets_task-v1-public,reserve,230,False
ed2faddf-4a42-485b-9a57-6139cdc2a473,DbQA,oncogenic_signatures_task-v1-public,reserve,231,False
2ca99fe5-fe3c-49cc-bec2-c86d6b3b9820,DbQA,mouse_tumor_gene_sets-v1-public,reserve,232,False
29485c1c-1294-4216-9b2d-bbac307b700f,DbQA,tfbs_GTRD_task-v1-public,reserve,233,False
bae1239f-4f03-4ecf-b254-7263a034a000,DbQA,mirna_targets_task-v1-public,reserve,234,False
718f88e8-4301-41cc-965a-bb2005190dca,DbQA,viral_ppi_task-v1-public,reserve,235,False
2e7631d1-7860-49df-96e2-dc24b51dc967,DbQA,mirna_targets_task-v1-public,reserve,236,False
442cbf67-4779-4af1-97e3-5c858ebff57c,DbQA,mouse_tumor_gene_sets-v1-public,reserve,237,False
4c96adfe-38a6-428c-b75e-ed4f4c7d5b1d,DbQA,mouse_tumor_gene_sets-v1-public,reserve,238,False
8e95d62a-4a9d-4339-bde4-c88bd092037d,DbQA,tfbs_GTRD_task-v1-public,reserve,239,False
c3b303d4-b14e-48d8-8ffd-1736766ba9b6,DbQA,variant_multi_sequence_task-v1-public,reserve,240,False
76e5345b-cc63-4c6b-9fe8-b8ab968523f9,DbQA,dga_task-v1-public,reserve,241,False
d24deade-b696-4e31-b609-cc09051b3698,DbQA,gene_location_task-v1-public,reserve,242,False
749fa02f-d3e4-4c65-b25d-adee88dae0a1,DbQA,vax_response_task-v1-public,reserve,243,False
10626f47-0fcc-4319-90a9-13d1bfe62fdc,DbQA,mirna_targets_task-v1-public,reserve,244,False
9b25b165-1222-42be-b52b-9a3d1c1372d5,DbQA,mouse_tumor_gene_sets-v1-public,reserve,245,False
1c0204af-d080-42af-b85d-79b1f2c94975,DbQA,variant_multi_sequence_task-v1-public,reserve,246,False
912f138d-ca63-441f-9330-9eb02aabc7b6,DbQA,mouse_tumor_gene_sets-v1-public,reserve,247,False
560ef289-1fc9-457d-8cb1-638eb4145095,DbQA,mirna_targets_task-v1-public,reserve,248,False
833c2ce1-4531-46c9-ba50-5d040320026d,DbQA,mirna_targets_task-v1-public,reserve,249,False
e83b8361-e842-46eb-a3b7-f7179b73d926,DbQA,mouse_tumor_gene_sets-v1-public,reserve,250,False
5f1cbe72-c29b-40d5-905b-33daafc9e818,DbQA,vax_response_task-v1-public,reserve,251,False
c372e579-1cf8-4d95-8bb3-9e0c5c83dcfd,DbQA,vax_response_task-v1-public,reserve,252,False
434a83e2-fb4b-4f2f-8d00-d5eaf534659e,DbQA,variant_from_sequence_task-v1-public,reserve,253,False
b8f1eb37-22db-4f20-8ba6-a52ace0b153a,DbQA,vax_response_task-v1-public,reserve,254,False
72cf5bbd-0919-4a22-ae72-542d6d400da6,DbQA,mirna_targets_task-v1-public,reserve,255,False
c0463353-9a1f-45f5-9064-8490ea55fd3f,DbQA,mouse_tumor_gene_sets-v1-public,reserve,256,False
de5390af-6ef8-4f20-83b1-0513e698a23a,DbQA,mouse_tumor_gene_sets-v1-public,reserve,257,False
c74f3c6d-7389-4921-8332-c20a7fa42e2d,DbQA,variant_from_sequence_task-v1-public,reserve,258,False
e3b2bf60-4c4c-4051-bd93-bdd161038012,DbQA,tfbs_GTRD_task-v1-public,reserve,259,False
bb4cc318-3fd8-4791-a366-91acce695751,DbQA,variant_from_sequence_task-v1-public,reserve,260,False
0d7b48d8-39ed-42b9-8bb9-f300e5cc7414,DbQA,gene_location_task-v1-public,reserve,261,False
fed45c92-0ebd-4d48-9efc-5336f3ad515c,DbQA,mouse_tumor_gene_sets-v1-public,reserve,262,False
291c59d3-7b78-47bf-bad0-f27984e1a666,DbQA,dga_task-v1-public,reserve,263,False
9bf8851f-21b8-448a-8b44-f5e7d31d4809,DbQA,variant_from_sequence_task-v1-public,reserve,264,False
c2e89977-c85e-46cd-b40a-ba496a3a271b,DbQA,viral_ppi_task-v1-public,reserve,265,False
9a5fe936-c5fc-422d-8307-fa6503a08b32,DbQA,vax_response_task-v1-public,reserve,266,False
dcafe811-88fc-41c3-9079-9c46402b68dd,DbQA,gene_location_task-v1-public,reserve,267,False
06ec26dc-10ae-488b-9a5f-503c63d816a1,DbQA,variant_multi_sequence_task-v1-public,reserve,268,False
be44d167-98fb-4054-b264-fb3e680d9b2c,DbQA,variant_from_sequence_task-v1-public,reserve,269,False
cd1d577a-b5cd-4659-9062-c1ae0b327382,DbQA,gene_location_task-v1-public,reserve,270,False
a1dff7a6-d6d4-4130-9742-44d8ec39392d,DbQA,variant_from_sequence_task-v1-public,reserve,271,False
f2ff7697-2174-4b3e-800a-5aca94387226,DbQA,mouse_tumor_gene_sets-v1-public,reserve,272,False
96dd97d9-f13a-46a1-b1ec-817ccec3998d,DbQA,mirna_targets_task-v1-public,reserve,273,False
0f08b7bc-f61b-4350-9d6f-21acbba570c2,DbQA,variant_from_sequence_task-v1-public,reserve,274,False
92b8d91e-f782-4597-bd68-36628a8c796c,DbQA,dga_task-v1-public,reserve,275,False
9699d1da-4e99-4caa-a3fa-0c2a185da4d4,DbQA,mouse_tumor_gene_sets-v1-public,reserve,276,False
ab2bb457-a335-4d08-9639-5876aef7e7ec,DbQA,gene_location_task-v1-public,reserve,277,False
b5a99fec-bb7d-4e4e-9a41-8de39b543042,DbQA,viral_ppi_task-v1-public,reserve,278,False
cee51a3f-9e9d-457f-8a00-3a86e176f74f,DbQA,vax_response_task-v1-public,reserve,279,False
542e456d-eba3-4881-94c6-fa5c67998258,DbQA,dga_task-v1-public,reserve,280,False
2cb34f38-c03c-4ea8-ad0f-1a5e7e90beb2,DbQA,dga_task-v1-public,reserve,281,False
8c0420c4-ed04-484b-b092-78c0cf6b81e3,DbQA,oncogenic_signatures_task-v1-public,reserve,282,False
8e2ca4ae-8c24-4167-8bdb-75e324cc0583,DbQA,mirna_targets_task-v1-public,reserve,283,False
f16471fe-27eb-4248-ba62-814aed10de86,DbQA,mouse_tumor_gene_sets-v1-public,reserve,284,False
3810349a-26e8-4b37-95ba-2d404d8f69ba,DbQA,tfbs_GTRD_task-v1-public,reserve,285,False
44745efe-ee90-4f68-a3eb-07cd85ad836c,DbQA,dga_task-v1-public,reserve,286,False
7fac2a20-be30-4777-b1d7-924291bcf880,DbQA,tfbs_GTRD_task-v1-public,reserve,287,False
00c59b68-711f-4fd4-b257-5ac1432f1edd,DbQA,mouse_tumor_gene_sets-v1-public,reserve,288,False
edc3e57c-05c5-45d5-af72-7d92f7d2714a,DbQA,variant_from_sequence_task-v1-public,reserve,289,False
22c780a2-ab28-4da3-9186-54a954f33d2d,DbQA,mirna_targets_task-v1-public,reserve,290,False
5f7d977a-b9db-4f90-8318-75add4018f1d,DbQA,variant_multi_sequence_task-v1-public,reserve,291,False
a87c6187-3bc8-4fda-916c-7e55c47d07d3,DbQA,mouse_tumor_gene_sets-v1-public,reserve,292,False
daa9db5a-fa8a-4f2c-94ac-ebfbdff14d00,DbQA,variant_from_sequence_task-v1-public,reserve,293,False
22ddb8a8-1f09-424b-87ff-20c6b242b586,DbQA,variant_from_sequence_task-v1-public,reserve,294,False
be0f1160-9b16-49a3-bbe3-c1e7bf3638a9,DbQA,viral_ppi_task-v1-public,reserve,295,False
9b4c9356-ad11-4ac2-92ff-db36a294c100,DbQA,variant_from_sequence_task-v1-public,reserve,296,False
273c8c38-8794-4210-b654-28c7b464e8d2,DbQA,mouse_tumor_gene_sets-v1-public,reserve,297,False
174059b2-3fd2-42bf-836c-bb559c7ca61f,DbQA,mouse_tumor_gene_sets-v1-public,reserve,298,False
1f8efa75-7370-4a57-8e5e-bc48dafade42,DbQA,oncogenic_signatures_task-v1-public,reserve,299,False
6f08a582-4a08-4109-8e15-6a8b0b60c253,DbQA,mirna_targets_task-v1-public,reserve,300,False
6a69817e-4240-48f5-8132-e409e27d16a8,DbQA,gene_location_task-v1-public,reserve,301,False
8b837dac-c6d3-4f49-aa38-cc141c625708,DbQA,viral_ppi_task-v1-public,reserve,302,False
7d39a3c0-330d-41e1-b93d-9bba4fd9c781,DbQA,oncogenic_signatures_task-v1-public,reserve,303,False
673c9f89-0915-4403-99a4-465f7ab0a498,DbQA,variant_multi_sequence_task-v1-public,reserve,304,False
1c99d8da-ba8b-47e6-9ed4-daab57d0c296,DbQA,variant_from_sequence_task-v1-public,reserve,305,False
ae6bcb06-c33e-4810-bf58-f671b42ffab8,DbQA,variant_multi_sequence_task-v1-public,reserve,306,False
c6e2ddb1-723b-4502-94d0-e6671e317311,DbQA,variant_multi_sequence_task-v1-public,reserve,307,False
e0a6d718-a864-41b1-804c-328206ad85db,DbQA,mirna_targets_task-v1-public,reserve,308,False
7849c4df-5bc8-4650-9098-02d9046164b7,DbQA,oncogenic_signatures_task-v1-public,reserve,309,False
9c09c33b-9b36-4742-8aca-345cbfc37b8c,DbQA,oncogenic_signatures_task-v1-public,reserve,310,False
dc144aa6-f1ae-4f5c-b04a-3ba999d05a60,DbQA,mouse_tumor_gene_sets-v1-public,reserve,311,False
99addad8-784e-4a59-9721-f961c2c25275,DbQA,mouse_tumor_gene_sets-v1-public,reserve,312,False
c4e25859-460d-44da-88be-011a816384ee,DbQA,tfbs_GTRD_task-v1-public,reserve,313,False
9d2df1ec-c62e-440b-9fe5-5a905ec53470,DbQA,oncogenic_signatures_task-v1-public,reserve,314,False
7f69693e-47ab-4e87-854c-c22f9a31a327,DbQA,gene_location_task-v1-public,reserve,315,False
a011bbef-58bd-4385-99e8-546d6bdb3064,DbQA,mouse_tumor_gene_sets-v1-public,reserve,316,False
6c17a828-aaac-483c-802d-c642794b6a56,DbQA,variant_from_sequence_task-v1-public,reserve,317,False
a9f4e99e-1ce0-41b6-89de-84bc372aa8ea,DbQA,variant_multi_sequence_task-v1-public,reserve,318,False
dc24689b-c651-48d7-be5d-9ae827096f77,DbQA,vax_response_task-v1-public,reserve,319,False
26a27200-7992-4c4b-acf2-801122ac13ed,DbQA,mouse_tumor_gene_sets-v1-public,reserve,320,False
7a841012-af10-4362-b990-748c97551f84,DbQA,mouse_tumor_gene_sets-v1-public,reserve,321,False
214c0f76-f6ca-4fb3-8ed5-8c02f8e09cfb,DbQA,variant_from_sequence_task-v1-public,reserve,322,False
0d4ebe88-6849-4b86-9053-a2f5ac23454a,DbQA,variant_multi_sequence_task-v1-public,reserve,323,False
8e1e6e4f-15e9-4667-9ada-be384ca4be24,DbQA,mouse_tumor_gene_sets-v1-public,reserve,324,False
918f970f-354c-4e84-afca-58b48e3ffd81,DbQA,oncogenic_signatures_task-v1-public,reserve,325,False
d57da2d6-2f33-448e-973d-4f9adb436fd1,DbQA,gene_location_task-v1-public,reserve,326,False
306eda47-7c69-460e-a482-d6ad5bb62910,DbQA,oncogenic_signatures_task-v1-public,reserve,327,False
5d266cea-b93c-4e5f-b687-20a6641c57af,DbQA,gene_location_task-v1-public,reserve,328,False
04079033-bb78-406b-953e-88094d10d270,DbQA,variant_multi_sequence_task-v1-public,reserve,329,False
a7a89faf-e217-4621-bdbd-f7331f6d6f68,DbQA,mirna_targets_task-v1-public,reserve,330,False
2d2d4733-8762-44f9-881a-8e86a3ec7f5c,DbQA,mouse_tumor_gene_sets-v1-public,reserve,331,False
40817d24-8f44-4b62-bc9e-0fbdffda22ec,DbQA,oncogenic_signatures_task-v1-public,reserve,332,False
9018d665-89e9-4ee9-b583-6fe9ae57a5c9,DbQA,vax_response_task-v1-public,reserve,333,False
3a4261ef-ac87-492f-a00d-d0c77ab973cd,DbQA,mirna_targets_task-v1-public,reserve,334,False
197bc5f3-c18c-484c-bb39-82a05bd97000,DbQA,tfbs_GTRD_task-v1-public,reserve,335,False
41e20804-fb6d-4719-94d0-fec0b25d7b32,DbQA,dga_task-v1-public,reserve,336,False
dff20c26-8c56-40c7-88a5-45baaae1f272,DbQA,mouse_tumor_gene_sets-v1-public,reserve,337,False
c37dd0a6-c989-4cea-9df2-52fb145a54bd,DbQA,viral_ppi_task-v1-public,reserve,338,False
fb6fe7d0-d344-470c-8095-631096413a3a,DbQA,variant_from_sequence_task-v1-public,reserve,339,False
5943e512-9a7f-41bd-bf48-93dd9e7152d3,DbQA,gene_location_task-v1-public,reserve,340,False
1be15bdf-3e45-43d9-be45-1062bec9c2b1,DbQA,viral_ppi_task-v1-public,reserve,341,False
56fa5328-9e7b-43c2-8905-fe0238766232,DbQA,vax_response_task-v1-public,reserve,342,False
52faaa3b-41e8-45ae-8ac5-f6aac47d7c44,DbQA,tfbs_GTRD_task-v1-public,reserve,343,False
e8bc0577-8681-4fd3-ae49-b10505ae68ce,DbQA,mouse_tumor_gene_sets-v1-public,reserve,344,False
ff5dde2f-4f83-482a-91cc-e49691e12d18,DbQA,variant_multi_sequence_task-v1-public,reserve,345,False
eb3a2ce6-a069-4dd2-8664-b31f90b0e5e0,DbQA,vax_response_task-v1-public,reserve,346,False
b33e162a-7589-4e76-8dd3-7722b0e35f83,DbQA,vax_response_task-v1-public,reserve,347,False
da79c577-6a45-4d11-ab03-5a02b67ad8b7,DbQA,vax_response_task-v1-public,reserve,348,False
45317bcb-0039-46bb-9dc5-9cfc6f231418,DbQA,variant_from_sequence_task-v1-public,reserve,349,False
a88bddf7-2940-4ab1-9512-7da1899cea82,DbQA,gene_location_task-v1-public,reserve,350,False
16113bd0-2f47-4d52-83a9-e5483f914e34,DbQA,tfbs_GTRD_task-v1-public,reserve,351,False
965724f2-fa9d-4445-93cd-e6416b5f7290,DbQA,dga_task-v1-public,reserve,352,False
4ea770a7-8867-4c55-a682-633000d59a78,DbQA,gene_location_task-v1-public,reserve,353,False
140e393f-699e-4741-a6f2-e4c85b093baa,DbQA,variant_from_sequence_task-v1-public,reserve,354,False
81c0d5f1-a1df-47ac-b0d6-0d379cb713b7,DbQA,gene_location_task-v1-public,reserve,355,False
21d56804-0ba5-46ec-a6f0-2817fe05a66f,DbQA,mouse_tumor_gene_sets-v1-public,reserve,356,False
1a31c885-f262-447e-94de-19b76ae9793c,DbQA,variant_multi_sequence_task-v1-public,reserve,357,False
34e0f01a-dcfa-4262-89d0-4f1c9b73f93c,DbQA,mouse_tumor_gene_sets-v1-public,reserve,358,False
55d3ed6f-9252-45a1-91be-5312b664c20d,DbQA,mouse_tumor_gene_sets-v1-public,reserve,359,False
b3d65c29-04b0-4199-b66f-f047de625802,DbQA,oncogenic_signatures_task-v1-public,reserve,360,False
e9491b16-8f4a-4b6d-9268-7d8f1ed3d026,DbQA,variant_from_sequence_task-v1-public,reserve,361,False
af95e496-d1d1-458a-8869-0fb1a10bce14,DbQA,viral_ppi_task-v1-public,reserve,362,False
254bc711-8533-4844-a1b8-69c84c12b52e,DbQA,gene_location_task-v1-public,reserve,363,False
1d5c9e4b-3518-4108-a79c-f647357b6f47,DbQA,variant_from_sequence_task-v1-public,reserve,364,False
865dc378-03a0-4c28-9df9-1c9adeeedba8,DbQA,variant_from_sequence_task-v1-public,reserve,365,False
53d0ad27-3c83-4baa-95a3-c6930607d3a5,DbQA,variant_from_sequence_task-v1-public,reserve,366,False
b7d66443-572b-4ffd-b72d-8839db7afc5c,DbQA,vax_response_task-v1-public,reserve,367,False
59a0f64d-24ac-4288-8185-f29a573672ec,DbQA,viral_ppi_task-v1-public,reserve,368,False
7fe95be7-f5db-42e2-b9e5-18117ede2225,DbQA,tfbs_GTRD_task-v1-public,reserve,369,False
1af3a7be-a3e1-46ef-a619-3f605a285f54,DbQA,variant_from_sequence_task-v1-public,reserve,370,False
f9fbb979-2584-4980-be8c-a13696d45ed1,DbQA,variant_from_sequence_task-v1-public,reserve,371,False
710e3e94-7164-4eae-b664-7e39e82397be,DbQA,gene_location_task-v1-public,reserve,372,False
92a784e3-9d25-4218-be24-fd2312323f78,DbQA,mouse_tumor_gene_sets-v1-public,reserve,373,False
59e556e5-876a-4bef-934e-fd89199c67f4,DbQA,mirna_targets_task-v1-public,reserve,374,False
aad74a4d-e7a7-49f9-ba93-06d48209f3d1,DbQA,variant_from_sequence_task-v1-public,reserve,375,False
d0a97363-964a-433b-be90-84cdbb228009,DbQA,mouse_tumor_gene_sets-v1-public,reserve,376,False
8be984ec-edba-48a6-aab9-5d6980421fb2,DbQA,variant_multi_sequence_task-v1-public,reserve,377,False
0ba177da-1c35-452b-9034-4e571942d3dd,DbQA,tfbs_GTRD_task-v1-public,reserve,378,False
4446d797-39cb-4993-a3e7-4c3a74207a9d,DbQA,mouse_tumor_gene_sets-v1-public,reserve,379,False
be2b9c29-2ff3-48cc-8613-ffa56da44060,DbQA,mouse_tumor_gene_sets-v1-public,reserve,380,False
bc2e405a-50bc-42a1-859e-9ce4a5720ff8,DbQA,variant_multi_sequence_task-v1-public,reserve,381,False
d0461709-2eb8-4c36-975c-e9602630552e,DbQA,gene_location_task-v1-public,reserve,382,False
c939ae03-4769-424d-93b3-ae9b0a5a9e4f,DbQA,gene_location_task-v1-public,reserve,383,False
e7ddadc7-576d-477b-b334-5445e1527182,DbQA,variant_from_sequence_task-v1-public,reserve,384,False
46d695cb-95ef-40c0-8c30-a5afba9c4746,DbQA,mouse_tumor_gene_sets-v1-public,reserve,385,False
1245a3ba-26a9-4daa-b08a-d73371d37f1e,DbQA,vax_response_task-v1-public,reserve,386,False
433dd2d0-2b16-46eb-9a2e-6c9f85de15e4,DbQA,tfbs_GTRD_task-v1-public,reserve,387,False
3bfe209d-c068-48cd-b962-0e6c1cba2c69,DbQA,variant_multi_sequence_task-v1-public,reserve,388,False
a2641a64-07e9-4cbd-896e-6efc46a8a159,DbQA,variant_from_sequence_task-v1-public,reserve,389,False
d87811ce-87d9-4913-9d1b-174d53a9303e,DbQA,variant_from_sequence_task-v1-public,reserve,390,False
189a4f63-35de-43b3-b200-b42f7bb16e9c,DbQA,mouse_tumor_gene_sets-v1-public,reserve,391,False
89e967b8-b1ff-4b06-a995-9a2b8f68458b,DbQA,vax_response_task-v1-public,reserve,392,False
49fb5fe4-7158-4c94-aa48-6ca46bd61216,DbQA,variant_multi_sequence_task-v1-public,reserve,393,False
92cfec0f-5300-4311-a2ef-0ebc313bf9fd,DbQA,tfbs_GTRD_task-v1-public,reserve,394,False
9bb22772-c2f1-4208-9f4b-d4d96c51dc81,DbQA,mirna_targets_task-v1-public,reserve,395,False
74471e41-ceb0-4353-86a2-c14677101056,DbQA,tfbs_GTRD_task-v1-public,reserve,396,False
7b595f71-2133-4691-905f-8bb1c0a8bde5,DbQA,tfbs_GTRD_task-v1-public,reserve,397,False
5b918be3-3f47-44f3-9ea6-a6d59ea3a707,DbQA,variant_from_sequence_task-v1-public,reserve,398,False
bcd83dac-033f-4570-9b9f-373e361eb7ba,DbQA,mirna_targets_task-v1-public,reserve,399,False
8b59edb8-14d4-4e28-85de-bdb249e545ed,DbQA,tfbs_GTRD_task-v1-public,reserve,400,False
2c08cdc7-a955-4273-9997-f263f8c04c29,DbQA,mouse_tumor_gene_sets-v1-public,reserve,401,False
7787efef-b6fe-478c-b9df-2119f92249da,DbQA,dga_task-v1-public,reserve,402,False
f15fad2c-c928-4e59-8776-59c32371d3d8,DbQA,mouse_tumor_gene_sets-v1-public,reserve,403,False
ee5d78f0-debe-4b16-a7e8-10be7310f928,DbQA,variant_multi_sequence_task-v1-public,reserve,404,False
1d445f89-d6ce-418e-8af3-dca141f89b31,DbQA,mouse_tumor_gene_sets-v1-public,reserve,405,False
01e076e6-e2c5-44dc-ae1f-697dcaf7f664,DbQA,dga_task-v1-public,reserve,406,False
c407b209-4033-4480-bda7-0696c3406376,DbQA,viral_ppi_task-v1-public,reserve,407,False
05aea9e6-fa3e-421b-b8c4-2db16da9bc48,DbQA,mouse_tumor_gene_sets-v1-public,reserve,408,False
9fab257c-e746-40ff-a47a-ed40f15f4517,DbQA,mirna_targets_task-v1-public,reserve,409,False
45b37479-a437-4a8f-95c4-224f1420dd1e,DbQA,gene_location_task-v1-public,reserve,410,False
8f89afaa-9fbb-4a67-8dbc-f74d00c90510,DbQA,vax_response_task-v1-public,reserve,411,False
e21c8dfb-54c1-4ca9-9d41-20167a06e262,DbQA,mouse_tumor_gene_sets-v1-public,reserve,412,False
7d5070a8-9868-424e-b7ed-be0eda44dee0,DbQA,vax_response_task-v1-public,reserve,413,False
2781b74a-7674-4d87-b95f-5a6a437c05ad,DbQA,gene_location_task-v1-public,reserve,414,False
f3c65787-eded-4320-99aa-3b2fe6bfb31a,DbQA,mouse_tumor_gene_sets-v1-public,reserve,415,False
e3e34e49-7b37-4eea-b5ce-ce2add88b87c,DbQA,variant_from_sequence_task-v1-public,reserve,416,False
cc29f1a1-f61c-47c5-8b6d-58d5f72829ca,DbQA,mouse_tumor_gene_sets-v1-public,reserve,417,False
442669ae-b0ce-44bd-a897-f024c87d5865,DbQA,variant_from_sequence_task-v1-public,reserve,418,False
7e710a2c-024e-402e-9d75-a6a44e319032,DbQA,dga_task-v1-public,reserve,419,False
2f3799fb-5ad9-4864-86cf-62e5b45bd97f,DbQA,variant_multi_sequence_task-v1-public,reserve,420,False
c3abb9a6-3427-42fc-8199-d20a57c0ea80,DbQA,gene_location_task-v1-public,reserve,421,False
2b5acf2a-b467-4103-9917-18bd5bfc5809,DbQA,vax_response_task-v1-public,reserve,422,False
5d950021-0eab-4b3b-8874-5077df87a7ff,DbQA,variant_from_sequence_task-v1-public,reserve,423,False
71287064-7ade-4985-a0b7-0d8fbf29dc89,DbQA,oncogenic_signatures_task-v1-public,reserve,424,False
add3b869-e16b-4ab4-b41b-1b61b3b40107,DbQA,dga_task-v1-public,reserve,425,False
9ab418cb-d0d4-4562-a6aa-56f5dee61356,DbQA,variant_multi_sequence_task-v1-public,reserve,426,False
ebc9f843-220f-491e-8aa7-7fee5cca23a3,DbQA,mouse_tumor_gene_sets-v1-public,reserve,427,False
ad9f4c0c-d817-4489-9e65-3536e35e47e4,DbQA,variant_from_sequence_task-v1-public,reserve,428,False
bb011b36-83dc-4fbb-bb9e-0ce7a5258a75,DbQA,viral_ppi_task-v1-public,reserve,429,False
f8e0dc89-775c-405d-8bc6-ff7e2d027601,DbQA,oncogenic_signatures_task-v1-public,reserve,430,False
36042ccb-c7e2-4044-93b0-a32e83a5f3f0,DbQA,variant_multi_sequence_task-v1-public,reserve,431,False
af5d6e1f-b433-4080-846e-533955fc204f,DbQA,mouse_tumor_gene_sets-v1-public,reserve,432,False
49544a8a-e2d8-45f3-ad33-36cbea3fae79,DbQA,mouse_tumor_gene_sets-v1-public,reserve,433,False
786cd441-853b-4d62-a628-f83737e0ec93,DbQA,variant_multi_sequence_task-v1-public,reserve,434,False
d73d7d30-5397-45d3-903e-57a9c9332dba,DbQA,gene_location_task-v1-public,reserve,435,False
289abf35-5574-4a4a-bb65-f920e821f5f2,DbQA,variant_from_sequence_task-v1-public,reserve,436,False
5fc1121c-6cb8-425a-8f0d-4895e0060f87,DbQA,mouse_tumor_gene_sets-v1-public,reserve,437,False
acd19456-1c96-4795-8cd5-33e9a038c35b,DbQA,variant_multi_sequence_task-v1-public,reserve,438,False
df504c20-cd0c-4c2e-9676-4240370eccec,DbQA,variant_from_sequence_task-v1-public,reserve,439,False
2cc15454-1722-45ff-b797-73b5a488af22,DbQA,mouse_tumor_gene_sets-v1-public,reserve,440,False
8763cc2d-3bbf-42fb-93ae-bb86ca56e181,DbQA,dga_task-v1-public,reserve,441,False
b36b062d-92b7-43f3-895b-bb8fd54c8a0d,DbQA,variant_from_sequence_task-v1-public,reserve,442,False
ee2ebb06-d7e8-4122-88ac-b97a422fc9c0,DbQA,viral_ppi_task-v1-public,reserve,443,False
9f1f11ff-f91a-4da1-a8a6-cd3167019af9,DbQA,viral_ppi_task-v1-public,reserve,444,False
9cdb7d1b-fbdd-4d2a-a482-1201869efb2e,DbQA,oncogenic_signatures_task-v1-public,reserve,445,False
28b45116-ec6b-4624-a575-6f671be214f3,DbQA,gene_location_task-v1-public,reserve,446,False
ad205e15-9bb8-4333-b108-8f81e5d5dabc,DbQA,variant_multi_sequence_task-v1-public,reserve,447,False
82985215-58eb-40f7-8d02-5ed35da21823,DbQA,variant_from_sequence_task-v1-public,reserve,448,False
a2214c20-8e01-4765-bd44-13d18e980f09,DbQA,mouse_tumor_gene_sets-v1-public,reserve,449,False
4639f798-315c-406f-b198-e8b5f73666c7,DbQA,gene_location_task-v1-public,reserve,450,False
aa448b09-2008-4446-b959-9370cce6433c,DbQA,variant_multi_sequence_task-v1-public,reserve,451,False
8fe1eb62-592b-4b3d-81d6-25e6486e6e2e,DbQA,dga_task-v1-public,reserve,452,False
0b9ac5d2-f16d-4f83-acc6-507db6d19fde,DbQA,mouse_tumor_gene_sets-v1-public,reserve,453,False
2d7e0bfd-e8ad-46c7-a3be-4eea0b987d06,DbQA,variant_multi_sequence_task-v1-public,reserve,454,False
3e8ae44d-7e5f-481d-92ad-f39aad3a3677,DbQA,mirna_targets_task-v1-public,reserve,455,False
bbb05801-8c72-4314-80fb-793877ea2cf1,DbQA,vax_response_task-v1-public,reserve,456,False
a7d7fb3b-f8cf-4b35-ab7f-aa3c3b0bf242,DbQA,gene_location_task-v1-public,reserve,457,False
4e94e449-0aa6-4ee5-be54-8cf9128f9119,DbQA,mouse_tumor_gene_sets-v1-public,reserve,458,False
c27d5255-af7c-405b-8a19-ca552c29e5f4,DbQA,variant_from_sequence_task-v1-public,reserve,459,False
247ef768-ddb9-4f83-b5ce-7d3af1d16d60,DbQA,variant_from_sequence_task-v1-public,reserve,460,False
c8fab964-b62e-499f-83db-4fb61f2f76de,DbQA,variant_from_sequence_task-v1-public,reserve,461,False
50958738-df09-4693-8bcf-e2005af66199,DbQA,viral_ppi_task-v1-public,reserve,462,False
8013b3b2-e5c3-460d-a357-42b599b7fcf8,DbQA,mirna_targets_task-v1-public,reserve,463,False
297bde6f-bda2-4dfa-9cd4-3a0326ff174c,DbQA,variant_multi_sequence_task-v1-public,reserve,464,False
0fa4cc67-821c-4883-89ce-b9e55b99e477,DbQA,vax_response_task-v1-public,reserve,465,False
8fc24cf3-0cd1-4c94-9afb-3c252eeff1f5,DbQA,oncogenic_signatures_task-v1-public,reserve,466,False
52748068-c96e-4d2c-92d6-01b320f5ba9a,DbQA,mouse_tumor_gene_sets-v1-public,reserve,467,False
51aab2cb-1465-4aea-8450-1f9f9b3123fe,DbQA,mouse_tumor_gene_sets-v1-public,reserve,468,False
78bd3944-b97e-4257-b1fc-f002f10a0b9b,DbQA,variant_from_sequence_task-v1-public,reserve,469,False
f7e89dca-8e6b-44bc-be94-7374bd2998f0,DbQA,variant_from_sequence_task-v1-public,reserve,470,False
f9d5a71d-cb11-4dd0-bc35-1f5d74a09f21,DbQA,oncogenic_signatures_task-v1-public,reserve,471,False
7bb8a8d9-42cb-450a-b275-af9b869dbf88,DbQA,mouse_tumor_gene_sets-v1-public,reserve,472,False
61c3f4d2-ee0c-4c6c-a7e3-d2c063c26f66,DbQA,dga_task-v1-public,reserve,473,False
70bf8bd5-d674-4585-8325-a92eca932545,DbQA,oncogenic_signatures_task-v1-public,reserve,474,False
4156c91d-0031-4d3d-890b-777ab3e3c90b,DbQA,tfbs_GTRD_task-v1-public,reserve,475,False
69bba127-ca0c-498a-babd-2909757b698e,DbQA,mirna_targets_task-v1-public,reserve,476,False
4f2bda61-b275-409b-8213-6c4c494f3630,DbQA,variant_from_sequence_task-v1-public,reserve,477,False
feea1cdc-a206-4628-9346-22cb9b4e79a2,DbQA,dga_task-v1-public,reserve,478,False
44571518-82ab-4a27-8308-145d36ad5d46,DbQA,mirna_targets_task-v1-public,reserve,479,False
f0f1ff6f-0f6d-4fcf-b2d9-5f80683c3fa6,DbQA,vax_response_task-v1-public,reserve,480,False
418eccb2-52b8-4978-a7d5-fb0c369336c2,DbQA,dga_task-v1-public,reserve,481,False
4acafecc-4099-4a02-bdc7-55c69753eb3e,DbQA,variant_multi_sequence_task-v1-public,reserve,482,False
0f28b020-6f6b-449a-998e-e2bd7cf8d73c,DbQA,gene_location_task-v1-public,reserve,483,False
63c6ae88-502d-4685-ae29-1dd089c532e7,DbQA,vax_response_task-v1-public,reserve,484,False
217530cf-ff5f-4ff6-997b-7479abc72a0b,DbQA,viral_ppi_task-v1-public,reserve,485,False
2b9f40b5-28e6-4e78-9a5f-1af354fb9316,DbQA,dga_task-v1-public,reserve,486,False
96cf6ff2-9c5f-4d37-acf3-a50a57924201,DbQA,tfbs_GTRD_task-v1-public,reserve,487,False
6524228a-8271-40d7-bf54-47158334a038,DbQA,tfbs_GTRD_task-v1-public,reserve,488,False
cbd2d550-d7b7-4033-8ee3-933f5ee133ed,DbQA,dga_task-v1-public,reserve,489,False
3c44bd92-e02a-4829-9156-b1df56be9174,DbQA,gene_location_task-v1-public,reserve,490,False
1b46a1f7-de75-4bf1-9b9e-7ec9af2cf1f2,DbQA,oncogenic_signatures_task-v1-public,reserve,491,False
1e57d4e5-0dea-44cb-b9d2-30272d72545b,DbQA,tfbs_GTRD_task-v1-public,reserve,492,False
90ac1d77-4de2-44ad-ac46-74ac04b9f533,DbQA,tfbs_GTRD_task-v1-public,reserve,493,False
1eb705d1-a7bc-40f7-9388-097204281d21,DbQA,dga_task-v1-public,reserve,494,False
989bd239-7181-4a99-b242-8751238023a9,DbQA,variant_from_sequence_task-v1-public,reserve,495,False
1abbd6a8-ce09-4fac-a057-c74d4efab4f2,DbQA,tfbs_GTRD_task-v1-public,reserve,496,False
8f035bc2-be06-4880-b217-33b4b844f5c2,DbQA,vax_response_task-v1-public,reserve,497,False
655d5d09-4f96-4fdc-8a00-ee2af7133389,DbQA,tfbs_GTRD_task-v1-public,reserve,498,False
bf5f37e3-e372-4095-94e4-6b82da5495f5,DbQA,variant_from_sequence_task-v1-public,reserve,499,False
57a9dba8-8c80-4b4f-8b84-8dc266195604,DbQA,dga_task-v1-public,reserve,500,False
490f065d-7f28-4418-bb03-de298ad6d7ec,DbQA,vax_response_task-v1-public,reserve,501,False
8f36dac2-0b5b-4c2c-a03c-ad7d59332963,DbQA,variant_from_sequence_task-v1-public,reserve,502,False
74e4791c-3669-4323-ae3a-e99dd28aeeb5,DbQA,oncogenic_signatures_task-v1-public,reserve,503,False
cead6cf5-165a-42b9-a469-12e8b08eb19d,DbQA,gene_location_task-v1-public,reserve,504,False
505642ed-baf4-4a72-bfcd-e53c5ea79f72,DbQA,dga_task-v1-public,reserve,505,False
22306bd7-7e84-415d-aebb-11c6312eb081,LitQA2,litqa-v2-public,pilot,0,False
8af900bb-5794-40db-910e-10d5857ce5bd,LitQA2,litqa-v2-public,pilot,1,False
5049c648-b1bb-4624-8824-9d93dfb04e51,LitQA2,litqa-v2-public,main,2,True
aa1835b2-2b1c-4986-b7af-e174da0124b0,LitQA2,litqa-v2-public,main,3,True
82de3e92-abe2-46ac-ad17-23417b9c4da7,LitQA2,litqa-v2-public,main,4,True
f5a84803-3917-43eb-801b-8dc0c5400da1,LitQA2,litqa-v2-public,main,5,True
7a88e6f7-fb8e-4a24-b08d-9b7a6edafe57,LitQA2,litqa-v2-public,main,6,True
f5a4b449-e647-4ae0-8419-c221792482c9,LitQA2,litqa-v2-public,main,7,True
76bcaeeb-93bd-4951-99b9-cf4613de1a37,LitQA2,litqa-v2-public,main,8,True
58950824-2665-445d-939b-9512d5d01a2b,LitQA2,litqa-v2-public,main,9,True
e3b5a4af-41d9-48db-becf-29a08d0ad28e,LitQA2,litqa-v2-public,main,10,True
5e20e26d-6192-4563-abb3-a4857e3dbc7c,LitQA2,litqa-v2-public,main,11,True
39c985ce-70e8-48e4-bd76-744cd07cb56a,LitQA2,litqa-v2-public,main,12,True
58f69c8d-cb94-4021-a84f-c549a7b976e1,LitQA2,litqa-v2-public,main,13,True
49d2630e-9d26-4e12-89a3-3050a609abf5,LitQA2,litqa-v2-public,main,14,True
8ade3e3a-4792-4965-b9d9-05e528ebbfa0,LitQA2,litqa-v2-public,main,15,True
28ebecdf-949e-4d20-aca9-5989b7a9d6e9,LitQA2,litqa-v2-public,main,16,True
12a20d8d-cd49-47eb-9a19-6a38519ee3dc,LitQA2,litqa-v2-public,main,17,False
2c05315d-6898-4667-b454-d99b7381bedb,LitQA2,litqa-v2-public,main,18,False
ce6dd5f7-0706-41dd-a383-9b0d22ef00a1,LitQA2,litqa-v2-public,main,19,False
7b98796f-25be-4c58-a52a-4e366c0ffd95,LitQA2,litqa-v2-public,main,20,False
1ff2b2e4-492e-4e35-bf33-f0fb53ab938c,LitQA2,litqa-v2-public,main,21,False
7e7150d6-bc73-4a29-a5b3-4ef8399ed947,LitQA2,litqa-v2-public,main,22,False
c6f097c9-2216-4e98-af45-8101681b38ec,LitQA2,litqa-v2-public,main,23,False
cff68274-4bbe-4fa0-a181-36a9af3cc0f1,LitQA2,litqa-v2-public,main,24,False
20980744-f9ff-4e39-a08d-106eada6900c,LitQA2,litqa-v2-public,main,25,False
c246753c-27d2-4ae4-8630-b9b4077ba6f6,LitQA2,litqa-v2-public,main,26,False
4a6705b5-85e5-44c1-8444-65be30192802,LitQA2,litqa-v2-public,main,27,False
04dbe07d-8b2c-4daf-b5b2-ef0e93f1fd2a,LitQA2,litqa-v2-public,main,28,False
0708b62f-9652-49eb-8ba6-28878afa7445,LitQA2,litqa-v2-public,main,29,False
d1eabedb-656f-4f89-a65f-4ed89478ba9f,LitQA2,litqa-v2-public,main,30,False
7d805bb8-4c7c-431f-b068-acf5e5459985,LitQA2,litqa-v2-public,main,31,False
e90ea0fc-4659-4b20-acae-75dc4b97a101,LitQA2,litqa-v2-public,reserve,32,False
ebe57888-662f-488f-ade1-c0aaffe638b1,LitQA2,litqa-v2-public,reserve,33,False
bace5737-ba26-422a-8706-0fb1e92b689f,LitQA2,litqa-v2-public,reserve,34,False
3c9f23e2-fdd0-431b-aca7-4f9556c78f1f,LitQA2,litqa-v2-public,reserve,35,False
564e715f-8d30-410b-bdb5-0dc5206589a7,LitQA2,litqa-v2-public,reserve,36,False
224efcd7-3652-47f8-84dd-15b4c6fafae2,LitQA2,litqa-v2-public,reserve,37,False
720e20c2-9ad1-4d98-9f01-8b7fb3782a46,LitQA2,litqa-v2-public,reserve,38,False
5b3b7d05-9e54-445c-b374-d4c6b60923b4,LitQA2,litqa-v2-public,reserve,39,False
2c3ba95c-47d5-4798-9911-ffdb11c940e4,LitQA2,litqa-v2-public,reserve,40,False
d7833c0f-2a16-40d2-b6a0-6764aa3003a6,LitQA2,litqa-v2-public,reserve,41,False
a71ef7a2-31a2-460d-9ff4-32d7722353c3,LitQA2,litqa-v2-public,reserve,42,False
1ccdc348-50e1-4941-9151-5e50411a2b41,LitQA2,litqa-v2-public,reserve,43,False
99e8fa71-b59c-4aef-8cf6-40102a10622f,LitQA2,litqa-v2-public,reserve,44,False
14fd2b75-76fb-4c29-a21d-c557b2bcf2ff,LitQA2,litqa-v2-public,reserve,45,False
6194ebfc-2d5c-4ccc-8883-da7c471b61e6,LitQA2,litqa-v2-public,reserve,46,False
623a831f-41ee-4e0e-936a-87f93d96369e,LitQA2,litqa-v2-public,reserve,47,False
a6622141-68d6-418f-8e30-7a5eff3d4fa8,LitQA2,litqa-v2-public,reserve,48,False
ff7328e2-4954-46a2-8ea3-d40b4df0c0ea,LitQA2,litqa-v2-public,reserve,49,False
0a9d6516-95ef-4d7b-a28d-d7cde27b7b55,LitQA2,litqa-v2-public,reserve,50,False
b105af85-833e-48bc-ac78-48f73c9673fd,LitQA2,litqa-v2-public,reserve,51,False
c758f685-ba4a-4bf0-bd85-567c60ff1508,LitQA2,litqa-v2-public,reserve,52,False
c624ed31-214f-4c80-9544-5514a096b1d3,LitQA2,litqa-v2-public,reserve,53,False
4d4cb121-9525-499a-9475-9b212465c72d,LitQA2,litqa-v2-public,reserve,54,False
0eede7a8-fe1f-42d3-a2c6-478083648644,LitQA2,litqa-v2-public,reserve,55,False
8d12cb90-73c6-4cc1-9f83-0fa9fd822e92,LitQA2,litqa-v2-public,reserve,56,False
d2860d38-dfb9-4b80-905f-812c32573915,LitQA2,litqa-v2-public,reserve,57,False
80e6571e-8f5d-496a-8ba3-9c9f5b783f5d,LitQA2,litqa-v2-public,reserve,58,False
c33446f6-fbff-4186-8a51-28a17f68bd40,LitQA2,litqa-v2-public,reserve,59,False
9fe3ff3b-60cf-472d-ab1a-2bda1868f1b4,LitQA2,litqa-v2-public,reserve,60,False
cb710074-73a8-4407-b0c7-7dc868f1bc76,LitQA2,litqa-v2-public,reserve,61,False
a1d01019-d2b1-4619-92ec-7ea38578819f,LitQA2,litqa-v2-public,reserve,62,False
12321eab-6ad6-4218-8815-18bc51c14544,LitQA2,litqa-v2-public,reserve,63,False
fe074387-3765-4020-8f5d-e395d1094121,LitQA2,litqa-v2-public,reserve,64,False
247eeb85-a552-4b87-b83e-327538fcb8a9,LitQA2,litqa-v2-public,reserve,65,False
925ffe20-b8a9-4ac4-943c-7a16966f4a4b,LitQA2,litqa-v2-public,reserve,66,False
658f7050-d137-477e-8693-26609080cecd,LitQA2,litqa-v2-public,reserve,67,False
2dc20a2f-de54-4bfe-a34f-1ba395f342cf,LitQA2,litqa-v2-public,reserve,68,False
9a0b82cb-6a99-4e50-83fc-3ef2ebd277cc,LitQA2,litqa-v2-public,reserve,69,False
c6e11fac-8f9c-4cf1-aa6e-4d25731ba74f,LitQA2,litqa-v2-public,reserve,70,False
9088251a-99fe-4b91-b6a9-375154ec4f58,LitQA2,litqa-v2-public,reserve,71,False
37a4d007-793e-4a89-922a-c1b05f4f82c1,LitQA2,litqa-v2-public,reserve,72,False
fd60a0e7-ba64-49a9-843a-6f5cb17c5fa9,LitQA2,litqa-v2-public,reserve,73,False
a8aa19cc-e4d1-4aa1-8c4e-2a518b4c99d6,LitQA2,litqa-v2-public,reserve,74,False
f0b6cea0-e005-47bc-be0d-9a10b219cae6,LitQA2,litqa-v2-public,reserve,75,False
6f8a51e2-f7ad-4033-b43d-370348e4809f,LitQA2,litqa-v2-public,reserve,76,False
400786c1-e6c6-4f46-a501-86fdd048ed88,LitQA2,litqa-v2-public,reserve,77,False
24fae97b-03f3-48b8-b623-abf07faee02e,LitQA2,litqa-v2-public,reserve,78,False
08397294-3d99-4790-915c-b8bcb1e9e661,LitQA2,litqa-v2-public,reserve,79,False
8696273a-7fea-411a-b6c6-0e826e1e02b5,LitQA2,litqa-v2-public,reserve,80,False
1f1b07d7-39ce-4665-9b70-4ab77e3c87aa,LitQA2,litqa-v2-public,reserve,81,False
cbe93a43-09cd-4cb4-9edd-f22fe8c28415,LitQA2,litqa-v2-public,reserve,82,False
bca1be77-208b-4d57-ac29-05aa6d58bdbf,LitQA2,litqa-v2-public,reserve,83,False
0eeb7ea9-fc80-4dee-9418-1c328c3ab653,LitQA2,litqa-v2-public,reserve,84,False
487539f9-2f17-4009-aa4a-c41322445f11,LitQA2,litqa-v2-public,reserve,85,False
39129e1c-096f-4414-bf4f-37fadbbe364c,LitQA2,litqa-v2-public,reserve,86,False
ae02d0e9-edf5-4c39-a215-3cbc8f4c565d,LitQA2,litqa-v2-public,reserve,87,False
154e7b14-4ed5-4cf3-9149-0c4843fc62cc,LitQA2,litqa-v2-public,reserve,88,False
5c4c602c-9624-4eae-ac44-efe4c0dd10e6,LitQA2,litqa-v2-public,reserve,89,False
27234279-f50c-4cfc-86e2-af68364a8f94,LitQA2,litqa-v2-public,reserve,90,False
aaa85379-1e4b-4642-9ec4-e1a6d6c29c3b,LitQA2,litqa-v2-public,reserve,91,False
a18883e9-218a-4719-8d2c-cf94d740de1a,LitQA2,litqa-v2-public,reserve,92,False
0b1d5537-db47-420c-984b-9b56d38e6d98,LitQA2,litqa-v2-public,reserve,93,False
ab5eb050-d134-4445-9307-6faa08be7474,LitQA2,litqa-v2-public,reserve,94,False
230dec20-cd02-4613-a7b1-e28058ed46fe,LitQA2,litqa-v2-public,reserve,95,False
398ebac1-fd2d-45b1-9415-d82db4b4d83c,LitQA2,litqa-v2-public,reserve,96,False
3f5bae15-bd5d-43e3-8e5e-944b1e533529,LitQA2,litqa-v2-public,reserve,97,False
8c833521-56c4-458d-8c65-2bbf66190cae,LitQA2,litqa-v2-public,reserve,98,False
462a9f38-7cbe-4e12-a6e2-b1d7028c3a8b,LitQA2,litqa-v2-public,reserve,99,False
7d2c8d44-ecf3-40d2-ab69-b6195c46ffe9,LitQA2,litqa-v2-public,reserve,100,False
5c808548-92c4-4ae7-990c-e2df81e3c2ae,LitQA2,litqa-v2-public,reserve,101,False
517e7cf8-c5d2-4391-9e2a-235b79d93050,LitQA2,litqa-v2-public,reserve,102,False
5966d3db-5a23-4ea7-a719-2472019d94a6,LitQA2,litqa-v2-public,reserve,103,False
7975ddb0-a784-4f85-a297-c80e1cb5dcf2,LitQA2,litqa-v2-public,reserve,104,False
ef07d562-fc18-43c9-8201-7a189d76eeb9,LitQA2,litqa-v2-public,reserve,105,False
10cece36-a507-4a93-9600-13f3e0e677f8,LitQA2,litqa-v2-public,reserve,106,False
eda34fde-798e-43a1-a9d3-a804d3d8ee4e,LitQA2,litqa-v2-public,reserve,107,False
745f5a0d-5f8f-405e-bb46-f37b3d1f0678,LitQA2,litqa-v2-public,reserve,108,False
d1307e50-3c03-4c76-81ee-2decb5de5f14,LitQA2,litqa-v2-public,reserve,109,False
8b665114-7729-4dac-a64f-4862a5397b82,LitQA2,litqa-v2-public,reserve,110,False
77a41274-cd9c-48bc-a347-e0746907840d,LitQA2,litqa-v2-public,reserve,111,False
e763edaa-b112-460a-a564-d58a6685e639,LitQA2,litqa-v2-public,reserve,112,False
5a9c6697-a65c-49c0-9e02-38b2a276fde7,LitQA2,litqa-v2-public,reserve,113,False
cdc80639-dc21-4337-bccc-d61d9aec6560,LitQA2,litqa-v2-public,reserve,114,False
c75879f4-9329-4594-8f6a-c4d421f2439f,LitQA2,litqa-v2-public,reserve,115,False
b8ec372b-ae29-473e-96bc-86ff1ead24ea,LitQA2,litqa-v2-public,reserve,116,False
9f797d29-9f3a-481d-b2fe-326cbc686273,LitQA2,litqa-v2-public,reserve,117,False
100b570f-1c4f-4214-8402-f1b15f9989b4,LitQA2,litqa-v2-public,reserve,118,False
76184ccf-4bf0-469e-a442-11d04b4ff8b0,LitQA2,litqa-v2-public,reserve,119,False
c47dd378-dde3-4a45-9184-6abfa6163717,LitQA2,litqa-v2-public,reserve,120,False
58b39fab-337b-452d-b74f-84f9a188ce88,LitQA2,litqa-v2-public,reserve,121,False
b1d5a5f5-6e89-4dfb-b60d-5a9824b015f3,LitQA2,litqa-v2-public,reserve,122,False
59745f75-52bf-4815-905c-3dfad1ef8923,LitQA2,litqa-v2-public,reserve,123,False
2c262f91-52b6-421d-8341-8748f923459e,LitQA2,litqa-v2-public,reserve,124,False
dd29920d-cb70-440f-961c-3e1103776c4f,LitQA2,litqa-v2-public,reserve,125,False
634f6745-f3b3-4cb1-9859-96ffb954b98a,LitQA2,litqa-v2-public,reserve,126,False
8266ac61-92d6-423d-8e7a-fe47b3a7e885,LitQA2,litqa-v2-public,reserve,127,False
e2fb56b7-08cd-4dc0-bc63-b45931a74fc9,LitQA2,litqa-v2-public,reserve,128,False
3d3fea17-c8ee-4005-94cb-d8798be696c3,LitQA2,litqa-v2-public,reserve,129,False
cff00d08-5655-4214-97ac-8fa9504c1165,LitQA2,litqa-v2-public,reserve,130,False
a214f5f8-0de8-43cf-82e0-7930003e4a0c,LitQA2,litqa-v2-public,reserve,131,False
55668039-396e-488a-b2c3-bbe840550433,LitQA2,litqa-v2-public,reserve,132,False
df061613-2591-4faa-be03-791c76375cb5,LitQA2,litqa-v2-public,reserve,133,False
5a2128ad-3127-4595-b810-db128d1a2335,LitQA2,litqa-v2-public,reserve,134,False
1e5f5199-84f4-4133-ab87-2372fa6ca722,LitQA2,litqa-v2-public,reserve,135,False
0bac8974-554c-439a-a9a2-22fa509c8d5d,LitQA2,litqa-v2-public,reserve,136,False
3d40f373-59d3-4666-87bd-6db64fd7b4fb,LitQA2,litqa-v2-public,reserve,137,False
0d5cf8a7-a240-4a8f-be4e-c16712f90d79,LitQA2,litqa-v2-public,reserve,138,False
983f1ef5-fc7d-4f4a-8f48-e704641eae12,LitQA2,litqa-v2-public,reserve,139,False
dbfbae3d-62f6-4710-8d13-8ce4c8485567,LitQA2,litqa-v2-public,reserve,140,False
dbb51a1c-f9a2-4960-a93c-118957659790,LitQA2,litqa-v2-public,reserve,141,False
322454df-45a8-41b3-9b0a-4e808144023c,LitQA2,litqa-v2-public,reserve,142,False
91387526-9268-4a3c-9abe-73819707d0b0,LitQA2,litqa-v2-public,reserve,143,False
fd54d745-447c-4fcd-80de-463fcd3de6a4,LitQA2,litqa-v2-public,reserve,144,False
6aa10957-bdd9-4dab-a4e1-234a17cb87dd,LitQA2,litqa-v2-public,reserve,145,False
5806ed2a-1005-44f1-8d70-332048fea8f4,LitQA2,litqa-v2-public,reserve,146,False
4949fc05-5f78-4dd0-8d9c-3dbb6004740a,LitQA2,litqa-v2-public,reserve,147,False
178a5e56-340f-4ba8-a3e5-f024ca016f40,LitQA2,litqa-v2-public,reserve,148,False
38ada695-2c79-459b-8e68-dbed734c74f9,LitQA2,litqa-v2-public,reserve,149,False
0e53a08c-4252-4a84-962b-5b396f9740aa,LitQA2,litqa-v2-public,reserve,150,False
78a2c1d2-f035-4c7d-a7ee-40dfd95ca88a,LitQA2,litqa-v2-public,reserve,151,False
c9bdb9b5-28c1-44da-93b6-b1fc9d8bf369,LitQA2,litqa-v2-public,reserve,152,False
ea4ce240-2864-4ee5-9ffc-2dbda0f8f550,LitQA2,litqa-v2-public,reserve,153,False
7d71dffb-b591-4b88-b0c6-e125a1b083b4,LitQA2,litqa-v2-public,reserve,154,False
c9baf8e0-c4c7-4ba3-b5c4-18e9af8b2df1,LitQA2,litqa-v2-public,reserve,155,False
8d61a14b-60ef-43b0-8003-b60cb6657428,LitQA2,litqa-v2-public,reserve,156,False
99713efa-d1b1-4fc5-a4b1-cbae2b3a5798,LitQA2,litqa-v2-public,reserve,157,False
e820cbcf-6df1-4c1c-b985-c02f39f52781,LitQA2,litqa-v2-public,reserve,158,False
db851865-5cbf-4d55-b6db-34f22ef5e727,LitQA2,litqa-v2-public,reserve,159,False
e6b0f9e5-e976-47dc-b839-0b2fca967e9e,LitQA2,litqa-v2-public,reserve,160,False
fca26d7c-05cf-40b0-9fd6-a63ed7950909,LitQA2,litqa-v2-public,reserve,161,False
bcd2f213-c6c6-4660-af35-a7bd1c6a1170,LitQA2,litqa-v2-public,reserve,162,False
6fff0994-6d02-470a-9d61-8e35420412b6,LitQA2,litqa-v2-public,reserve,163,False
ca4c9d21-b842-4875-9a6a-bcb9f6c55073,LitQA2,litqa-v2-public,reserve,164,False
941c04dc-c89d-4a90-87b0-930625268a38,LitQA2,litqa-v2-public,reserve,165,False
25a9cf59-1c28-4ddf-b797-f43efb9349e6,LitQA2,litqa-v2-public,reserve,166,False
4f050bf3-27cd-4a14-8422-45df5e2bb079,LitQA2,litqa-v2-public,reserve,167,False
a43e5166-d0e8-48f8-a113-648acac7ed59,LitQA2,litqa-v2-public,reserve,168,False
c7b36a1c-ea80-4ae5-b2f1-3932cb16c3cf,LitQA2,litqa-v2-public,reserve,169,False
f7346ea0-5f1b-45e9-a1d6-493c754159c1,LitQA2,litqa-v2-public,reserve,170,False
b2a0249b-2850-4576-8b78-8408c1e47324,LitQA2,litqa-v2-public,reserve,171,False
5b6d6f82-a585-4aa8-9fe6-e7d35f7cb2ae,LitQA2,litqa-v2-public,reserve,172,False
8d7fa642-ee46-4a13-8ea9-61cc2d4f4ddd,LitQA2,litqa-v2-public,reserve,173,False
7a42c784-7ae0-48fe-a71f-0a547b8fabb3,LitQA2,litqa-v2-public,reserve,174,False
40400348-eabb-4b25-90d1-e33589d3e5a4,LitQA2,litqa-v2-public,reserve,175,False
a73b2c2d-a3ac-49e6-8e2e-44b4c1e6de94,LitQA2,litqa-v2-public,reserve,176,False
d0f69626-66ee-4807-937d-c3a024441812,LitQA2,litqa-v2-public,reserve,177,False
a45c277e-55d9-4e7f-b1de-37fc2e19daf6,LitQA2,litqa-v2-public,reserve,178,False
850f86d3-0139-43df-89fd-e606c30aaa8b,LitQA2,litqa-v2-public,reserve,179,False
ade96656-7ed1-4e21-b009-b7a73e13bff5,LitQA2,litqa-v2-public,reserve,180,False
55187fb4-e7ee-4027-b74f-cab50f328442,LitQA2,litqa-v2-public,reserve,181,False
e9f142f0-8ef6-47cd-b846-7283a93308d4,LitQA2,litqa-v2-public,reserve,182,False
85c67ef3-322c-42b4-b745-c05e07e7b8ac,LitQA2,litqa-v2-public,reserve,183,False
ce93661b-e3c4-4a7a-96b6-87492259c501,LitQA2,litqa-v2-public,reserve,184,False
837b2489-723a-4099-9b68-c2a9ea688f4d,LitQA2,litqa-v2-public,reserve,185,False
c3816cb5-8c87-4946-b133-43f415ab6b2a,LitQA2,litqa-v2-public,reserve,186,False
da5b2a8f-ba08-4692-851f-2e0bf142a02f,LitQA2,litqa-v2-public,reserve,187,False
afb36e40-0836-4810-909e-eabfe17dcd8b,LitQA2,litqa-v2-public,reserve,188,False
255fd5fb-9623-4030-8bf2-253247df7c82,LitQA2,litqa-v2-public,reserve,189,False
4d11258d-ee8c-4bc7-91a8-613c7a41f139,LitQA2,litqa-v2-public,reserve,190,False
26691c84-514b-4712-a43e-09705d681e45,LitQA2,litqa-v2-public,reserve,191,False
7cf0fcde-fea8-420c-8531-2f2fe9e38980,LitQA2,litqa-v2-public,reserve,192,False
b331480e-dfc7-4e92-931a-c71f491c4795,LitQA2,litqa-v2-public,reserve,193,False
653635b7-3bc6-4a7b-98c7-c02038c0e928,LitQA2,litqa-v2-public,reserve,194,False
4bb69c9d-2485-42d2-b8aa-aa647b407ca4,LitQA2,litqa-v2-public,reserve,195,False
ab58e166-f0b5-49ae-ac56-c38b5d6e8aad,LitQA2,litqa-v2-public,reserve,196,False
86f111e5-402b-4ef5-b101-8be1bf5be7c6,LitQA2,litqa-v2-public,reserve,197,False
d65103ae-c881-4116-a0a7-1b233eb6275a,LitQA2,litqa-v2-public,reserve,198,False
59067d38-3a8e-48d0-b4ae-062d8c454bf8,SeqQA2,enzyme_kinetics,pilot,0,False
391db991-5385-49a0-a08d-63566edc2b9d,SeqQA2,sequence_complexity,pilot,1,False
b7526ac3-3aae-445b-ae42-6f92ef459822,SeqQA2,pairwise_distances,main,2,True
d1d219d8-90f2-41cb-8bd5-732acd4d6f61,SeqQA2,mutation_restriction,main,3,True
c1350482-e2dd-4621-a899-7b07b8a5943a,SeqQA2,primer_interactions,main,4,True
9c0932b4-58dd-42b7-9b0e-6ed2bdb29c4f,SeqQA2,enzyme_kinetics,main,5,True
b2e7f723-798e-4601-808a-9faba0edb63a,SeqQA2,molecular_weight,main,6,True
579d9625-7cd7-470a-a4d4-294d66e08bea,SeqQA2,tm_calculations,main,7,True
9d9c8e71-ef96-4a2a-b582-6ff3b91eb914,SeqQA2,tm_calculations,main,8,True
5f6c401d-027f-487c-bcb1-1405953027d9,SeqQA2,orf_amino_acid,main,9,True
3cef9eb5-ba08-461d-b8f0-ce4518ed968b,SeqQA2,molecular_weight,main,10,True
0bb445d6-f04e-4cef-ba48-d3ee0d3174a4,SeqQA2,pairwise_distances,main,11,True
1ab2b1a6-c8f9-47c8-a796-8d309cd7ddac,SeqQA2,protein_hydrophobicity,main,12,True
a6adb33b-a737-491b-9cbf-9d602223d991,SeqQA2,protein_hydrophobicity,main,13,True
5d54df0b-00db-4450-bf7f-9a0a25f09131,SeqQA2,sequence_complexity,main,14,True
fec8d128-148b-4ca5-ae2f-8dc057ed8cb7,SeqQA2,mutation_restriction,main,15,True
ff5d7fe5-7e0d-463b-8eba-261eb3f091b1,SeqQA2,enzyme_kinetics,main,16,True
798359df-ef1e-4c22-b898-ebeb4356018c,SeqQA2,enzyme_kinetics,main,17,False
dd2375ea-6d76-4a34-83f5-83a2436660e4,SeqQA2,enzyme_kinetics,main,18,False
b93db1ff-7867-4b3e-a30b-9a45aa43ffd2,SeqQA2,restriction_digest,main,19,False
9128ca6b-a666-423a-acce-e697bdd084bb,SeqQA2,orf_amino_acid,main,20,False
643fad2d-abd9-4800-9635-414346de00cc,SeqQA2,orf_amino_acid,main,21,False
5296d34a-8e80-401e-8087-23b9e795a7c9,SeqQA2,mutation_synonymous,main,22,False
97635664-a79f-40b2-9ea1-5e773f0dc503,SeqQA2,primer_interactions,main,23,False
8bd278ea-c921-4b32-ba6a-3b661eb6c346,SeqQA2,mutation_restriction,main,24,False
197980ce-fa81-4937-829d-d3e2b1416e9b,SeqQA2,protein_hydrophobicity,main,25,False
3bb26f20-a570-472b-9b6c-14cb3438e74c,SeqQA2,protein_hydrophobicity,main,26,False
09778c05-7e4a-4ba8-a5c7-e1c6b3d84c09,SeqQA2,orf_amino_acid,main,27,False
81a5bed5-f81a-4dee-8dc7-32ac756155cb,SeqQA2,pairwise_distances,main,28,False
c0effda0-f62f-404b-983a-2e1fe2a8deec,SeqQA2,orf_amino_acid,main,29,False
b36dca13-1e59-4765-a9aa-96713dc98de3,SeqQA2,primer_interactions,main,30,False
202343d6-81b8-4d8b-8843-5c6b92b3a39e,SeqQA2,gc_content,main,31,False
b302ec9e-5cab-445a-8a33-c307fc619166,SeqQA2,msa_scoring,reserve,32,False
51f065f4-326f-4eb4-ace3-16985537d4bc,SeqQA2,restriction_digest,reserve,33,False
bc3bc7e9-b86c-4b09-abe5-98bb8875fb5e,SeqQA2,sequence_complexity,reserve,34,False
2468f605-951f-42fd-8de2-b0d6fd7a899d,SeqQA2,primer_interactions,reserve,35,False
e67c6ae8-0cf2-46ad-a8b7-326a4a8ecb18,SeqQA2,gc_content,reserve,36,False
2edd1d16-f0d4-4c1d-9b3c-d2ded38adc5c,SeqQA2,pairwise_distances,reserve,37,False
f1305aa0-675d-4086-992b-34162e9b7bd0,SeqQA2,restriction_digest,reserve,38,False
74748486-8eaf-4777-8889-6da488556cc0,SeqQA2,pairwise_distances,reserve,39,False
407eb37f-3cac-4b4f-862b-d05b7fe8b624,SeqQA2,protein_hydrophobicity,reserve,40,False
08879b46-71f2-4662-b2f4-9ef66bd5cf8f,SeqQA2,msa_scoring,reserve,41,False
8aaf71a1-31ad-4b7b-ada4-74d3db393e3a,SeqQA2,msa_scoring,reserve,42,False
90269f03-fae2-46c6-9565-69f4dbcae061,SeqQA2,gc_content,reserve,43,False
2baacdbb-6cfa-4869-8609-0316d6be51ca,SeqQA2,molecular_weight,reserve,44,False
1cb089dd-056a-4675-8849-6d27c2ca46c7,SeqQA2,mutation_restriction,reserve,45,False
e15822da-2d4b-4167-be3e-fa26e14a842b,SeqQA2,enzyme_kinetics,reserve,46,False
9f862011-8881-4014-b80d-283632c7121f,SeqQA2,restriction_digest,reserve,47,False
f46ab5a5-5559-4829-a12c-0051fa54a967,SeqQA2,tm_calculations,reserve,48,False
5c096e78-84b8-4099-ab77-7ca06b19af16,SeqQA2,pairwise_distances,reserve,49,False
c5403ccc-1c7e-4ca7-9255-988d9ff33b81,SeqQA2,orf_amino_acid,reserve,50,False
76429887-eef5-4fa3-aded-57c22b14dfc7,SeqQA2,gc_content,reserve,51,False
ed712ec1-cd0d-43ad-bd12-543495c520dd,SeqQA2,msa_scoring,reserve,52,False
b5628657-ae0a-4005-a953-8b80dc5f9b52,SeqQA2,gc_content,reserve,53,False
98e50009-eb80-4c91-aeae-0113191c2b28,SeqQA2,molecular_weight,reserve,54,False
312750ea-671f-4c10-96fd-de102d5ba6e7,SeqQA2,primer_interactions,reserve,55,False
e133bf0e-f011-4bbf-9b28-a5a0c962daea,SeqQA2,primer_interactions,reserve,56,False
c98fbf3f-565f-418d-b578-72bf48d0d5e7,SeqQA2,orf_amino_acid,reserve,57,False
6d2c1751-79c4-417a-ad07-752c28c8c8a2,SeqQA2,mutation_synonymous,reserve,58,False
d9f28266-d300-44a6-9092-db1d21f7469b,SeqQA2,gc_content,reserve,59,False
e4fd5229-485d-4679-970b-3642e03ae20f,SeqQA2,sequence_complexity,reserve,60,False
a167eefe-92fe-433d-8902-a61b00c45137,SeqQA2,restriction_digest,reserve,61,False
e70f375c-b7fe-4c75-bc65-76742cc03a66,SeqQA2,gc_content,reserve,62,False
bf316789-e2f2-4d12-84de-84cdace3926b,SeqQA2,msa_scoring,reserve,63,False
6747cc52-2aa4-46c4-8260-680a2cff3d4f,SeqQA2,gc_content,reserve,64,False
03ddab69-def7-460d-bb66-c3343184d8aa,SeqQA2,mutation_restriction,reserve,65,False
20c3da4c-76cb-443d-9a1b-eddcada17e80,SeqQA2,mutation_synonymous,reserve,66,False
e810fdcc-39ea-44c6-9af7-c9589aea6ae1,SeqQA2,restriction_digest,reserve,67,False
ef846879-a1a9-4285-a2cc-848eb169c7d2,SeqQA2,orf_amino_acid,reserve,68,False
32b7e8d1-8bb9-4fe0-a3c3-42f4cc6b8f2c,SeqQA2,molecular_weight,reserve,69,False
39c07d79-808d-4fdb-80c8-b5793b0417ec,SeqQA2,primer_interactions,reserve,70,False
3b946577-78ec-4c34-aa76-ccde70d8d080,SeqQA2,primer_interactions,reserve,71,False
f15afdf5-724b-4d0f-9d45-803e548073ed,SeqQA2,mutation_restriction,reserve,72,False
d26c6432-06e5-416d-bb52-8b7ee727b2d1,SeqQA2,gc_content,reserve,73,False
fe658474-7925-4a51-b0d0-25d05a63197d,SeqQA2,tm_calculations,reserve,74,False
e24c61d6-11db-483c-975c-500a0f9aaa13,SeqQA2,mutation_synonymous,reserve,75,False
e384a50e-e6b0-4b36-8347-b8fd62100ee4,SeqQA2,tm_calculations,reserve,76,False
d2f3f56e-f0d0-4478-8efa-3e9fcf3805fc,SeqQA2,gc_content,reserve,77,False
caefa544-4531-4d9a-ab17-87e4cf3d00b2,SeqQA2,restriction_digest,reserve,78,False
eda98dbd-b220-4c2e-9ec2-a87256517bd2,SeqQA2,mutation_restriction,reserve,79,False
9f51892e-c67f-4dbf-bf82-cb969fbb82bf,SeqQA2,restriction_digest,reserve,80,False
5403819f-8d41-4665-b28b-10dd8d929daf,SeqQA2,restriction_digest,reserve,81,False
bf631185-911a-4b19-9814-44931ad2f3a6,SeqQA2,orf_amino_acid,reserve,82,False
0ee66199-5993-4b48-b581-d0d2e890756c,SeqQA2,tm_calculations,reserve,83,False
da04bad4-310c-4d81-9435-6d4d3c3e7250,SeqQA2,enzyme_kinetics,reserve,84,False
762d5042-e751-4843-8f47-314d7ca48635,SeqQA2,restriction_digest,reserve,85,False
c398ec8f-c219-4f86-9aa8-ea8a948ba971,SeqQA2,molecular_weight,reserve,86,False
b03a68f6-13e7-4197-a582-f04aac45e53e,SeqQA2,primer_interactions,reserve,87,False
5fd525f2-6d3d-4301-9f43-d447c588774e,SeqQA2,sequence_complexity,reserve,88,False
79287cf5-49bf-4562-9d07-edb4c5599717,SeqQA2,tm_calculations,reserve,89,False
58f8f87a-40e0-4d99-b838-81362e5010a8,SeqQA2,mutation_restriction,reserve,90,False
b4b62f51-dd53-4b88-a107-07ed1838ecdd,SeqQA2,msa_scoring,reserve,91,False
43f83686-9ba8-43dc-9b5f-2a99fee3967a,SeqQA2,restriction_digest,reserve,92,False
49db7ccd-8a4a-45c6-89ba-188e73952771,SeqQA2,pairwise_distances,reserve,93,False
1fbcac36-9034-4389-aca5-a440e4810ccb,SeqQA2,enzyme_kinetics,reserve,94,False
039393c2-6cd1-4be2-8528-405dac2e8eda,SeqQA2,protein_hydrophobicity,reserve,95,False
b6bd8b4d-b218-4fb4-948e-08c481c954d9,SeqQA2,molecular_weight,reserve,96,False
ffd2b863-4ed1-46ff-85a6-76d430921177,SeqQA2,mutation_restriction,reserve,97,False
03dfba77-d601-4f53-8f04-eb0c81a789ab,SeqQA2,primer_interactions,reserve,98,False
6af04edb-fc8f-4a89-a9c9-1207895189d8,SeqQA2,gc_content,reserve,99,False
deed4e6f-bf15-435f-9356-dbeac3a1d1a9,SeqQA2,enzyme_kinetics,reserve,100,False
b1f40315-cfb3-4dbb-8a80-e4fb36b223f2,SeqQA2,tm_calculations,reserve,101,False
920a4263-67e9-42f4-b4f0-d59a5d235e02,SeqQA2,orf_amino_acid,reserve,102,False
2f1c75a1-6453-4db1-a114-722cc515dc51,SeqQA2,enzyme_kinetics,reserve,103,False
0612b4a6-ee30-4c11-9536-68625d67f733,SeqQA2,protein_hydrophobicity,reserve,104,False
aaf01866-ff31-4d36-bf75-11a47c29d307,SeqQA2,protein_hydrophobicity,reserve,105,False
4d30876b-df93-4072-abe0-65f15664b0a7,SeqQA2,orf_amino_acid,reserve,106,False
5ccb71f0-0fb8-43f8-95e7-49b732d63cb1,SeqQA2,mutation_synonymous,reserve,107,False
ac1ecff4-3aff-4ac6-8bd5-a0999c5032a7,SeqQA2,msa_scoring,reserve,108,False
c5260e96-2124-477e-a29e-3fc54d1c017c,SeqQA2,tm_calculations,reserve,109,False
1974f0d4-1643-419f-bfbd-0cb7023bbcff,SeqQA2,orf_amino_acid,reserve,110,False
2a1a05db-3444-4dec-ac04-b1ae09a31ee3,SeqQA2,msa_scoring,reserve,111,False
5fbb6a79-de9b-436b-97aa-10b7c8a937fa,SeqQA2,mutation_synonymous,reserve,112,False
7cd0f6bc-42fa-4c97-b152-9ad3d48eb3d9,SeqQA2,sequence_complexity,reserve,113,False
ca36ed4d-dc1d-4ca2-85d0-5759d945fcbb,SeqQA2,gc_content,reserve,114,False
ad2a3fc6-e4e2-4d83-96e3-76d3f7b809f3,SeqQA2,mutation_synonymous,reserve,115,False
9342b39a-fe1b-4116-aac1-e966e9522e29,SeqQA2,enzyme_kinetics,reserve,116,False
11bc99ad-f1b3-45df-81f7-6ddba370cb83,SeqQA2,protein_hydrophobicity,reserve,117,False
c5da9cb3-191c-492c-95e2-54970adeeada,SeqQA2,msa_scoring,reserve,118,False
718614f1-082d-4043-98d1-a02aa6e17005,SeqQA2,sequence_complexity,reserve,119,False
202ccc2b-213b-44bc-a6ba-a50dd7158479,SeqQA2,mutation_restriction,reserve,120,False
daa94ce6-73b6-4266-afb2-8da0ce43f882,SeqQA2,molecular_weight,reserve,121,False
3a0cd1eb-50b8-4e38-8533-dd77beedfad8,SeqQA2,tm_calculations,reserve,122,False
ebc59638-6014-4a16-b57a-54c5fa4c3413,SeqQA2,pairwise_distances,reserve,123,False
a9cbdc8d-fd6d-4cfc-b589-b686bfe3fac9,SeqQA2,tm_calculations,reserve,124,False
6924998d-c011-4539-beac-2743d866d7e3,SeqQA2,mutation_restriction,reserve,125,False
6a583df4-712c-4fe9-a720-67903c5de8ca,SeqQA2,tm_calculations,reserve,126,False
95e0925e-e3eb-4c9e-bfb6-900c115c6cba,SeqQA2,pairwise_distances,reserve,127,False
462136c0-7b90-4414-a0da-e94f1904966a,SeqQA2,tm_calculations,reserve,128,False
5903af1b-22dd-43d7-8f99-8a3f5268a0cb,SeqQA2,mutation_restriction,reserve,129,False
c68b4ef0-c603-441f-ac05-f1438907edad,SeqQA2,primer_interactions,reserve,130,False
965d2f2b-fcf5-4682-b379-fa6660b6bb85,SeqQA2,mutation_restriction,reserve,131,False
eb555aff-a532-4245-afbb-1f218153062c,SeqQA2,protein_hydrophobicity,reserve,132,False
9cdb037d-a516-43a9-8e73-323b8ae9b696,SeqQA2,enzyme_kinetics,reserve,133,False
f2bff67f-346c-4153-a058-0bfc919f9333,SeqQA2,sequence_complexity,reserve,134,False
ddfac96a-6a37-4f6b-a44d-f6cdbb1ed319,SeqQA2,gc_content,reserve,135,False
f972d256-7c94-404e-b294-f1c3a7d62b1e,SeqQA2,protein_hydrophobicity,reserve,136,False
d916145c-8b5b-40d4-aeae-32dae5edfb66,SeqQA2,tm_calculations,reserve,137,False
27889fe3-6f3c-4272-8e7f-88e3c58c2cd6,SeqQA2,enzyme_kinetics,reserve,138,False
90d7f760-2cf1-4857-a1de-24ed16283636,SeqQA2,enzyme_kinetics,reserve,139,False
8329206f-f9eb-4480-b6a9-a078f6111089,SeqQA2,enzyme_kinetics,reserve,140,False
b923c3af-1844-46cc-8df7-808bd9288578,SeqQA2,pairwise_distances,reserve,141,False
35e0e192-21b8-43f8-b2f7-36397b2668db,SeqQA2,molecular_weight,reserve,142,False
c14a40df-4e51-4e73-8d9e-aa99bb85ba63,SeqQA2,restriction_digest,reserve,143,False
9129a036-af38-41ec-936c-eff210426368,SeqQA2,mutation_restriction,reserve,144,False
f4b24eff-29ee-4caa-b3c3-fd2a7e9c3ad8,SeqQA2,enzyme_kinetics,reserve,145,False
9c5b51d1-66a5-4828-b335-be93e52fc628,SeqQA2,orf_amino_acid,reserve,146,False
b8738d12-9568-44a0-841f-c1661180fb8a,SeqQA2,tm_calculations,reserve,147,False
66980aff-595b-4f0e-9666-f1a2882b3400,SeqQA2,msa_scoring,reserve,148,False
77152b60-7541-478d-bbc7-79b33bdb3fe1,SeqQA2,enzyme_kinetics,reserve,149,False
7f0b5940-f7af-4a9d-88ba-562f3066b374,SeqQA2,molecular_weight,reserve,150,False
1197342a-552c-4e9b-9384-c5ce3aa96258,SeqQA2,molecular_weight,reserve,151,False
000cf6ab-d761-4455-845f-4b0f52322ef7,SeqQA2,molecular_weight,reserve,152,False
8712b0f8-4d8b-415d-8d64-97444fdb021f,SeqQA2,pairwise_distances,reserve,153,False
92a0ef7c-5610-4daf-9b29-8f98319ef9bf,SeqQA2,protein_hydrophobicity,reserve,154,False
48f5986c-0d5b-4e45-a5b9-e4e9a22dccf3,SeqQA2,mutation_synonymous,reserve,155,False
9da00ad5-6c89-49dd-bb92-33dc2e729b9e,SeqQA2,orf_amino_acid,reserve,156,False
2dda3696-bbe6-4053-871c-0561b9cfad3e,SeqQA2,pairwise_distances,reserve,157,False
19c2c52a-3360-4b1d-a3c0-8836d5eea1b3,SeqQA2,sequence_complexity,reserve,158,False
3f9fd194-fd68-4ce3-9cba-e9f23e200dba,SeqQA2,mutation_restriction,reserve,159,False
b05a7fac-0493-475a-bafd-76e7997acdbb,SeqQA2,primer_interactions,reserve,160,False
4c74c617-7340-416c-816e-bae384db82ad,SeqQA2,pairwise_distances,reserve,161,False
bcf4b79c-585d-43d8-930a-3f6d23238611,SeqQA2,msa_scoring,reserve,162,False
610f7342-ad5a-4b30-9b6d-3dbaf99ea4f0,SeqQA2,molecular_weight,reserve,163,False
464a629a-13c1-45d8-8b0d-e2714bf03395,SeqQA2,enzyme_kinetics,reserve,164,False
b170a416-890d-47fd-b1c3-fc5ca8a6d0f9,SeqQA2,mutation_restriction,reserve,165,False
17d65f30-dddb-402d-8452-15932b4aedba,SeqQA2,molecular_weight,reserve,166,False
9cccc4de-2cd1-423f-9bbd-8ecad1037c6a,SeqQA2,mutation_restriction,reserve,167,False
cf8409bf-fc0d-428f-b9d9-a77180f11e90,SeqQA2,primer_interactions,reserve,168,False
87786bd3-2dd7-4c4b-b656-7beebf18f6d7,SeqQA2,msa_scoring,reserve,169,False
61d9bab1-fe38-4233-8d56-b02de5cb0d5f,SeqQA2,protein_hydrophobicity,reserve,170,False
369e3985-129d-40d7-8484-3f09d85342bc,SeqQA2,pairwise_distances,reserve,171,False
22ff525e-3076-4704-ae3d-7cfaa938ece0,SeqQA2,mutation_synonymous,reserve,172,False
3355618d-1490-49f8-be2d-eb5d87802c06,SeqQA2,molecular_weight,reserve,173,False
09844de6-bdf0-4ef7-b439-e62277afb45d,SeqQA2,protein_hydrophobicity,reserve,174,False
af77556b-3175-47a9-91e9-40debc1964bc,SeqQA2,restriction_digest,reserve,175,False
65da7066-c9e5-4177-bf8a-85e73b1f9226,SeqQA2,mutation_synonymous,reserve,176,False
0f0a521b-d686-4907-9e5a-76c83e5025a4,SeqQA2,mutation_synonymous,reserve,177,False
57bb763e-c25f-4c81-bb93-4f6b1095b232,SeqQA2,pairwise_distances,reserve,178,False
323c8265-a04a-4c21-b67f-20e42bb01b84,SeqQA2,msa_scoring,reserve,179,False
cd4d7ad2-dd6d-42c6-a5ce-069c3d539c14,SeqQA2,protein_hydrophobicity,reserve,180,False
0532c650-cb9b-4060-a1f0-618f42a166b9,SeqQA2,restriction_digest,reserve,181,False
a46b6c85-e1df-42fa-bea8-60fd49e4ec48,SeqQA2,molecular_weight,reserve,182,False
234730c7-c88d-48f7-acd6-ba57dd27ed3e,SeqQA2,tm_calculations,reserve,183,False
8b211294-a1ce-4c58-938b-1521eac2ccaa,SeqQA2,sequence_complexity,reserve,184,False
eaf25896-d6ce-4f56-aca4-4d5e92edbcc8,SeqQA2,msa_scoring,reserve,185,False
48fb8653-0a4c-4e71-94f1-147d46b78074,SeqQA2,mutation_synonymous,reserve,186,False
033045e7-d1f1-4e86-8c6a-af25c28d0912,SeqQA2,pairwise_distances,reserve,187,False
a81d535e-07f8-4fe2-97dc-c688e45560d2,SeqQA2,pairwise_distances,reserve,188,False
920dcb46-c5d9-410d-a89b-f6ce2be0bbf1,SeqQA2,protein_hydrophobicity,reserve,189,False
3e0cb3a9-b50d-4162-ae79-36c484e622c0,SeqQA2,msa_scoring,reserve,190,False
7fe5f35f-b505-43e0-bf39-e3c74d4d91c6,SeqQA2,sequence_complexity,reserve,191,False
7b9689fb-35de-48a8-93b4-109172c3b870,SeqQA2,gc_content,reserve,192,False
ec6d2f4d-d57e-465c-bd54-930c7169bda1,SeqQA2,orf_amino_acid,reserve,193,False
f5efdbe5-b70f-4b1c-bf8b-31bf36f28bb1,SeqQA2,sequence_complexity,reserve,194,False
a5595a1a-f918-4370-a8b8-99700012aafa,SeqQA2,msa_scoring,reserve,195,False
000d3d26-6c6a-48e9-838b-8b8d69e5d3ca,SeqQA2,sequence_complexity,reserve,196,False
f93dba62-a2aa-465c-969c-de18d011e81f,SeqQA2,restriction_digest,reserve,197,False
89df5d3e-c5fd-4ca3-8f43-4c7e25710869,SeqQA2,mutation_restriction,reserve,198,False
4c863139-290e-4764-ab01-d8a0d8254599,SeqQA2,enzyme_kinetics,reserve,199,False
0652e0eb-f6a0-4da9-8b68-54d857baae3f,SeqQA2,mutation_synonymous,reserve,200,False
a7c1b5a0-c4b8-44be-a07c-6132b3f99f08,SeqQA2,mutation_synonymous,reserve,201,False
44f27ccc-0f2b-4f87-97b3-b3a9db1d069b,SeqQA2,restriction_digest,reserve,202,False
2beb85de-06f5-416a-98f6-928b430e5337,SeqQA2,gc_content,reserve,203,False
5605449a-ae57-4ba2-978e-fec37ecc3e4d,SeqQA2,restriction_digest,reserve,204,False
77072180-06b6-4965-9fd0-499e0ead89e5,SeqQA2,primer_interactions,reserve,205,False
95303a12-7009-4a80-b347-dc9c492bc57d,SeqQA2,primer_interactions,reserve,206,False
ff8ed565-1f9d-465d-8275-9ef2460749c9,SeqQA2,mutation_synonymous,reserve,207,False
3ad2fab9-58cb-41e1-988e-c746b2771fea,SeqQA2,primer_interactions,reserve,208,False
456f9b96-3c52-4e20-a133-0e30fa10819c,SeqQA2,msa_scoring,reserve,209,False
8b3cd95d-791f-4798-a5d3-89d0d7e3a9f6,SeqQA2,gc_content,reserve,210,False
4edb9a4b-092d-421f-9283-e9d6aeebba32,SeqQA2,sequence_complexity,reserve,211,False
edb7c469-94d1-452d-8c9f-b2910fc783b8,SeqQA2,sequence_complexity,reserve,212,False
01c953a0-9ab0-415f-bb5b-9fbfb25efb2a,SeqQA2,mutation_restriction,reserve,213,False
4a8d1cc8-37d4-45cb-b33e-0277b65f2ffb,SeqQA2,sequence_complexity,reserve,214,False
641cdf6c-5c4b-4438-a9e9-e5228cded044,SeqQA2,protein_hydrophobicity,reserve,215,False
14760101-d1a4-4dac-8467-f81ebbc5228c,SeqQA2,mutation_restriction,reserve,216,False
cfa69a8b-3247-452b-9329-9ef59cfa06c7,SeqQA2,protein_hydrophobicity,reserve,217,False
833216c7-ef5c-4635-81a8-9a2238b16abf,SeqQA2,tm_calculations,reserve,218,False
a2534761-4c56-46bb-8fed-715daaf956ba,SeqQA2,molecular_weight,reserve,219,False
bf76ac99-ae6c-48a3-a917-636b1a3e9196,SeqQA2,tm_calculations,reserve,220,False
8afafe75-9a22-49cf-8ede-c0d43131b6ab,SeqQA2,gc_content,reserve,221,False
f4b27d73-6083-4267-bba9-f4ca54be5256,SeqQA2,primer_interactions,reserve,222,False
043636c1-7fce-4a3f-a0ea-da1ebe82b7b1,SeqQA2,orf_amino_acid,reserve,223,False
3403f995-b5da-49e9-ac2f-92db22213777,SeqQA2,orf_amino_acid,reserve,224,False
474c1805-3562-4de0-8471-30ee84a79ff9,SeqQA2,msa_scoring,reserve,225,False
49d4bf78-b4fb-4d12-bf0c-7436127bf580,SeqQA2,restriction_digest,reserve,226,False
d6377888-a351-473e-8117-60d323891f4e,SeqQA2,msa_scoring,reserve,227,False
77e20f69-2c5a-4cc7-b4b2-2396a6eca36b,SeqQA2,protein_hydrophobicity,reserve,228,False
baad82ba-b53c-43e0-96a9-1a28ca592713,SeqQA2,orf_amino_acid,reserve,229,False
372862e5-6d2c-4642-a3d8-daaf58f67f50,SeqQA2,orf_amino_acid,reserve,230,False
6d32a8b6-348d-4fab-b1c4-6ee45cf04757,SeqQA2,mutation_synonymous,reserve,231,False
9988db7f-7f66-493c-8c21-f6b676fedd93,SeqQA2,msa_scoring,reserve,232,False
f395c104-6014-4b2c-9c77-14a8e33167ea,SeqQA2,sequence_complexity,reserve,233,False
3b2393c6-d041-4961-aa1c-2c3874442547,SeqQA2,orf_amino_acid,reserve,234,False
43c5c9c1-742b-4b08-9720-9d814b499c70,SeqQA2,mutation_synonymous,reserve,235,False
095911ea-6f8f-44fe-84b4-1bc8d50375f7,SeqQA2,enzyme_kinetics,reserve,236,False
a87c6756-c4ff-48d5-a67b-531962c4cff9,SeqQA2,mutation_synonymous,reserve,237,False
07825098-b3c7-4402-a8c8-d2f8f4f0d0fa,SeqQA2,primer_interactions,reserve,238,False
a8733a0a-0a48-485c-b14d-9a57c17dc7c5,SeqQA2,sequence_complexity,reserve,239,False
a6ff88ff-b3f4-4b65-9642-a12b1f854cf8,SeqQA2,tm_calculations,reserve,240,False
cacd246a-2bc5-49ae-8da4-b93e0ad187a4,SeqQA2,tm_calculations,reserve,241,False
bf5be1a6-e398-42b3-a740-039b4c9e6d01,SeqQA2,gc_content,reserve,242,False
7dde76e3-a939-49f5-872d-4e207e466083,SeqQA2,gc_content,reserve,243,False
1fd26ff1-139a-475b-a370-d44930ad558d,SeqQA2,mutation_synonymous,reserve,244,False
362cde08-5da0-41a6-ae6c-617a1a900af9,SeqQA2,sequence_complexity,reserve,245,False
bf28dcb0-652e-4074-abbe-479870829fa3,SeqQA2,restriction_digest,reserve,246,False
6be2d787-bca9-41c0-99da-af5db544ea92,SeqQA2,molecular_weight,reserve,247,False
9172d843-778c-4cec-9418-c24cb8012a72,SeqQA2,pairwise_distances,reserve,248,False
4e9546b6-a837-49e5-8684-3e83e1f75f10,SeqQA2,protein_hydrophobicity,reserve,249,False
f455f116-7a44-4081-a735-9a28f38b839b,SeqQA2,restriction_digest,reserve,250,False
b8c452b6-cae3-4429-aed4-73b095c3ff6c,SeqQA2,primer_interactions,reserve,251,False
5f97a4ab-a060-4d0c-9486-7b722b26849a,SeqQA2,molecular_weight,reserve,252,False
c7ec52f1-0e14-4c84-a68b-9fefbf7699eb,SeqQA2,gc_content,reserve,253,False
9e2797a5-c529-44f0-aea2-9574c4ed9b12,SeqQA2,molecular_weight,reserve,254,False
8b84de64-d00c-4fe7-9370-d50c0ba78bfe,SeqQA2,mutation_synonymous,reserve,255,False
350476f7-8a73-40de-8312-755054d4864c,SeqQA2,primer_interactions,reserve,256,False
8317a3dd-62da-4436-8a08-bc413fcd0003,SeqQA2,sequence_complexity,reserve,257,False
